{"median_energy": 36.091499999999996, "avg_energy": 37.224533333333326, "op_energy": [38.73790000000001, 41.38199999999999, 37.41420000000002, 37.9169, 37.71539999999999, 33.975899999999996, 40.59960000000001, 32.86020000000002, 44.384199999999964, 34.89730000000003, 33.59639999999996, 43.250699999999995, 38.926199999999994, 39.843000000000075, 34.370199999999954, 42.29810000000009, 34.17809999999997, 43.46539999999993, 34.882600000000025, 35.05200000000002, 33.858999999999924, 34.37140000000011, 35.10829999999987, 36.4448000000001, 41.05200000000002, 42.93089999999995, 41.11959999999988, 38.69049999999993, 35.509700000000294, 34.16359999999986, 35.55040000000008, 33.60089999999991, 33.168899999999894, 40.05250000000001, 35.354500000000144, 37.107299999999896, 34.930900000000065, 41.44170000000008, 36.66339999999991, 35.79809999999998, 41.98959999999988, 37.504700000000184, 41.41579999999999, 38.79780000000005, 40.40469999999982, 33.79260000000022, 39.978799999999865, 38.113200000000006, 36.65689999999995, 35.799600000000055, 33.659400000000005, 36.091499999999996, 34.99420000000009, 40.15750000000003, 34.33709999999974, 39.047599999999875, 42.91370000000052, 42.860999999999876, 38.405799999999545, 35.599800000000414, 33.61940000000004, 34.40289999999959, 34.54580000000033, 34.38149999999996, 38.954099999999926, 33.40940000000046, 33.8467999999998, 34.95510000000013, 42.84319999999934, 33.825100000000475, 40.01539999999977, 34.94360000000006, 33.231300000000374, 34.078799999999774, 35.60159999999996], "comm_energy": [36.306402043604805, 37.754931879567984, 34.76668960172962, 34.2091940406288, 33.958646544673606, 31.194807679353588, 36.46623019342558, 30.228762100580866, 40.53389806624158, 32.31404186866399, 30.867003609499157, 39.547222395251154, 36.03555313345599, 36.903854673176006, 31.129440892140835, 38.85890034027692, 30.59724086168646, 40.029198600878395, 31.414159716894382, 31.63357489543044, 30.920686878947144, 31.32776898043049, 31.618162831497525, 33.42993016358082, 37.4885990939585, 39.34112473264641, 37.75302096046069, 35.95839970085283, 31.093187193062683, 30.606892348014348, 31.903836778057727, 31.036416188315318, 30.680307782182272, 36.18207003899039, 31.363808046945724, 33.70605784870051, 31.408715457048118, 37.793604443140815, 32.97405224915215, 31.825794146012683, 39.0376876739629, 33.7525368812625, 38.34724198638233, 34.7203274027824, 37.56315300041909, 30.10532409433767, 36.53171614922238, 34.257407030915225, 33.6274248100145, 32.03650830779188, 30.485271330860765, 33.2878289568608, 31.77314710150249, 36.96606910739696, 30.864911945838013, 35.86864824766389, 39.385931499809594, 38.83925429449445, 34.6059912050298, 32.26793656933929, 30.677232840422615, 30.80196671626553, 31.449582726743817, 31.02900771895178, 35.30460326540925, 30.979570757974823, 30.215769662384535, 30.79074112801941, 39.51428619321924, 31.454154015476682, 36.288623994051186, 32.65855071076813, 30.29200366969475, 30.438190057416033, 32.208204748942485], "baseline_power": [0.1887312], "num_seq": 75}