{"median_energy": 34.77019999999993, "avg_energy": 35.01009066666666, "op_energy": [33.8405, 33.56920000000001, 33.925, 34.1662, 35.04299999999998, 34.373400000000004, 38.61650000000003, 35.30880000000002, 37.46029999999996, 35.778700000000015, 35.389899999999955, 37.66810000000004, 36.348599999999976, 35.171299999999974, 35.65970000000004, 37.407100000000014, 34.77019999999993, 36.23950000000002, 35.234500000000025, 34.617200000000025, 33.87379999999996, 34.13330000000008, 33.58919999999989, 34.12080000000003, 36.37580000000003, 33.8895, 33.20230000000004, 36.25509999999997, 37.41200000000015, 38.35109999999986, 34.91910000000007, 34.96379999999999, 33.186500000000024, 35.10850000000005, 34.20529999999985, 35.096700000000055, 34.49720000000002, 34.31139999999982, 34.6854000000003, 33.607699999999795, 34.731199999999944, 35.0476000000001, 33.49289999999996, 33.67000000000007, 34.92439999999988, 34.65260000000012, 34.0927999999999, 34.60109999999986, 34.18830000000003, 35.47360000000026, 34.37059999999974, 33.62910000000011, 34.512899999999945, 33.35320000000024, 34.46259999999984, 35.27190000000019, 37.41379999999981, 35.97109999999998, 35.44200000000001, 34.670500000000175, 34.96539999999959, 33.83590000000004, 35.06410000000005, 34.89670000000024, 35.749199999999746, 36.556900000000496, 34.15549999999985, 34.58959999999979, 37.77610000000004, 34.78819999999996, 34.9051000000004, 34.54179999999951, 34.16110000000026, 34.58229999999958, 34.84450000000015], "comm_energy": [31.196119476064, 31.412273746627204, 31.296785555487194, 31.24546036190002, 31.977111774311194, 31.549794692645612, 31.417975379159202, 32.27730748979766, 30.700874653202387, 32.95206244570801, 31.77023438307115, 35.14429263131443, 33.58836463470238, 32.94267819389758, 32.32141482913674, 31.13700355512318, 31.621232099063956, 33.049910786245576, 32.04786762160237, 32.25749640852404, 31.920595339463127, 31.676452281138463, 30.71385335806636, 31.675305239254325, 33.16450062959048, 30.894098002163194, 30.56033355622246, 33.19301797250649, 34.89649245277616, 31.476179369140077, 31.672823873272684, 31.958225909596948, 30.758482753184094, 32.30369984787452, 31.986094877063117, 31.784566292196896, 31.60442121039118, 31.326567686632043, 31.698845955777674, 31.035539406566315, 31.533453540448907, 31.983216808253495, 30.776818637095957, 30.872834091837774, 31.893737774350363, 32.09894342354489, 31.425691175059132, 30.998176989577416, 30.75787059330786, 32.97677134694159, 31.791975390509435, 30.92892516437516, 32.16654788524089, 30.399818310363454, 31.505640733755055, 32.616668553005795, 33.50555109305286, 33.12459374423929, 31.914574913683904, 32.01481033646249, 31.537289910683274, 30.88143003040527, 32.33029106815348, 31.896495738189845, 33.13056192664279, 33.52761957216167, 31.503226269838766, 31.732229723977227, 34.14234765370237, 32.94714452159104, 31.923084216901287, 32.125534874322454, 31.468881429204526, 32.24307988544543, 31.48435284067579], "baseline_power": [0.17853839999999999], "num_seq": 75}