{"avg": 0.01356848344959995, "std": 0.010135154008442887, "energy": [0.0252852659424, 0.015138429769599962, 0.005119778249599971, 0.000259721452800038, 0.021645126886400058, 0.011521949763199951, 0.0013515271743997706, 0.02822606835839985]}