{"median_energy": 43.41060000000016, "avg_energy": 43.61676666666666, "op_energy": [43.037600000000005, 42.8601, 42.56949999999999, 42.620900000000006, 42.822, 43.830900000000014, 43.43589999999995, 43.26410000000004, 43.230500000000006, 42.636199999999974, 43.99980000000005, 43.65429999999992, 42.75, 42.90089999999998, 42.39300000000003, 42.71230000000003, 47.09910000000002, 42.918699999999944, 42.96560000000011, 42.59259999999995, 42.760099999999966, 43.432699999999954, 42.69950000000006, 43.843900000000076, 44.58750000000009, 43.51599999999985, 42.583000000000084, 43.322599999999966, 45.392900000000054, 44.335199999999986, 43.39309999999978, 42.842800000000125, 44.327800000000025, 43.9378999999999, 43.78629999999998, 43.23530000000005, 42.51689999999985, 43.16370000000029, 42.42920000000004, 44.0025999999998, 43.67560000000003, 43.18689999999992, 46.98490000000015, 43.5779, 42.506399999999985, 44.18329999999992, 44.21580000000017, 43.38409999999976, 43.28680000000031, 43.46309999999994, 43.72519999999986, 43.934999999999945, 44.91249999999991, 43.1840000000002, 42.82049999999981, 42.95020000000022, 43.615400000000136, 44.64509999999973, 48.04160000000002, 43.92169999999987, 45.82709999999997, 43.41060000000016, 43.37930000000006, 44.523499999999785, 42.91120000000046, 43.83609999999999, 43.37029999999959, 43.395100000000184, 43.24479999999994, 43.829899999999725, 43.701400000000376, 44.016299999999774, 43.759799999999814, 43.60240000000067, 43.830699999999524], "comm_energy": [40.412633428587206, 39.67358606422241, 39.759153755659206, 39.72314713409359, 39.84436713381122, 40.20841518286244, 40.47224516977116, 39.99466041776482, 39.93679904376561, 39.497364577471984, 41.08961172128965, 40.685344346935175, 39.914181422920755, 39.82088292921992, 39.40659259942313, 39.79222028815439, 40.4963293296664, 39.833350875831165, 40.54120009135932, 39.42032769147521, 39.53437596132393, 40.74638001178481, 39.7176776228904, 40.83213512282088, 40.69123751484411, 40.66235509593276, 39.3803413711601, 40.42335248101064, 42.406070237856184, 41.114622342896176, 40.31054949355097, 40.135702156616034, 41.040935428219186, 41.30430158455527, 40.629083797191186, 40.19618077588878, 39.70991339302626, 40.28485614582421, 39.85991205896334, 40.945045945370296, 40.84316987548946, 40.64120970835819, 43.72439938452083, 40.200324186382424, 40.6539943011377, 40.86126019315601, 41.1095127256066, 41.16985978697164, 40.9462218072668, 39.98229509478051, 40.5650711880834, 40.49729158381393, 42.22907967865888, 40.33103270438812, 39.989656175754135, 39.71089234420207, 40.989372019333175, 42.09550958199436, 42.25520287456492, 41.44858957958723, 43.392643110488486, 40.71438519595374, 40.88288185150702, 40.991577546162034, 40.0816349641821, 41.49208136282438, 41.09831795799162, 40.86857463904632, 40.31934320344885, 41.43180078343172, 40.51159273483575, 41.39688991222646, 40.76724992770518, 40.192141366761014, 40.65303294949363], "baseline_power": [0.1772232], "num_seq": 75}