{"median": 38.243160635303994, "comm_energy": [38.243160635303994, 38.997346368472, 39.893466853944005, 37.70752569934398, 37.57606007448801], "baseline_power": [0.49125765202598715], "active_power": [0.10791200000000001]}