{"median_energy": 43.38620000000037, "avg_energy": 43.836915999999995, "op_energy": [43.36709999999999, 43.0308, 51.4089, 43.3862, 47.244, 44.200199999999995, 42.6533, 43.773199999999974, 42.6302, 43.60110000000003, 43.16759999999999, 45.092899999999986, 42.58050000000003, 42.23619999999994, 43.160400000000095, 43.40039999999999, 43.79609999999991, 42.261400000000094, 43.8821999999999, 42.90990000000011, 44.10459999999989, 42.43880000000013, 42.806100000000015, 43.77579999999989, 42.17370000000005, 44.37779999999998, 42.277500000000146, 42.76249999999982, 46.31400000000008, 42.40149999999994, 45.67530000000011, 43.02009999999996, 44.403699999999844, 43.66190000000006, 44.115800000000036, 47.62650000000008, 43.08269999999993, 48.88559999999984, 42.676400000000285, 42.55769999999984, 42.91169999999988, 45.206699999999955, 44.30400000000009, 42.6387000000002, 42.40059999999994, 43.17509999999993, 45.09680000000026, 43.91569999999956, 43.38620000000037, 42.72239999999965, 43.504399999999805, 43.368900000000394, 42.37969999999996, 44.371700000000146, 44.15599999999995, 43.56710000000021, 42.02439999999979, 43.90110000000004, 43.18150000000014, 43.346000000000004, 42.88139999999976, 43.75889999999981, 43.8747000000003, 43.48700000000008, 43.016999999999825, 43.51170000000002, 44.671600000000126, 44.25469999999996, 43.26800000000003, 42.618099999999686, 44.07980000000043, 42.83229999999958, 51.6264000000001, 44.51980000000003, 42.88799999999992], "comm_energy": [40.2775149887176, 40.0336051638352, 39.167910238608805, 39.6199424378712, 39.77790630874081, 40.414926236427185, 39.767652435577624, 40.49619154307837, 40.10772157678474, 39.95968940975044, 40.45294558480798, 40.996282653312825, 40.02286727567764, 39.11581307672075, 39.71977620519918, 39.55031847234798, 39.87678948515349, 38.841085826746394, 40.32086093270883, 40.13076860900397, 40.57753827043989, 39.88573283726, 40.23149714296643, 40.10633655703439, 38.86653825669434, 40.601471034823106, 39.529927977262496, 39.05818004703998, 42.40411187015054, 39.43772646993599, 42.20677818082074, 40.36745504487778, 40.344791825148775, 40.51767774265193, 41.281223095308896, 40.317717956667245, 39.7827848945153, 41.30714836516798, 39.15980053813054, 39.560018750458326, 39.45271618233353, 42.296674838178184, 40.72247843555602, 39.99078528085211, 40.20835629306976, 39.721480444912, 40.96301761146596, 40.42893705721252, 40.423657192241826, 39.21693755724218, 40.407039446106786, 41.07215101080469, 39.20089876135067, 40.87357801142303, 40.70559088299031, 40.11774860029189, 38.920304271603335, 40.75977430049418, 40.28761321237663, 40.11310070229787, 39.23169730654568, 40.279069362497985, 39.9038658294754, 40.145132636411304, 39.7361008791285, 39.676422001897656, 41.74062392909948, 41.16368986014415, 40.38895751025692, 39.51425356488622, 40.60600177869303, 39.09801412827391, 40.30433490099623, 40.219705723380834, 40.41050184652066], "baseline_power": [0.1772232], "num_seq": 75}