{"median_energy": 43.342699999999695, "avg_energy": 43.69920133333333, "op_energy": [43.5594, 43.654700000000005, 43.96199999999999, 42.74250000000001, 43.24000000000001, 43.47659999999996, 42.58660000000003, 43.25739999999996, 44.23320000000001, 44.95980000000003, 42.06719999999996, 43.02420000000001, 44.51480000000004, 43.06810000000007, 44.30989999999997, 43.5302999999999, 42.8112000000001, 43.28869999999995, 42.65009999999995, 44.01420000000007, 48.15939999999989, 44.04230000000007, 43.28509999999994, 43.22770000000014, 45.50299999999993, 42.98039999999992, 44.189800000000105, 43.15689999999995, 43.973700000000235, 43.080099999999675, 43.89820000000009, 43.25610000000006, 43.22119999999995, 44.7482, 44.84590000000003, 42.77260000000001, 42.77629999999999, 43.834100000000035, 42.69939999999997, 42.77599999999984, 45.87530000000015, 47.21250000000009, 43.19509999999991, 43.95759999999996, 45.77940000000012, 42.35220000000004, 43.62969999999996, 43.24589999999989, 44.478999999999814, 47.13980000000038, 43.021000000000186, 43.05689999999959, 43.454299999999876, 43.687700000000405, 43.074299999999766, 44.55720000000019, 43.179899999999634, 43.40129999999999, 43.67059999999992, 42.95970000000034, 44.051600000000235, 43.342699999999695, 43.36730000000034, 43.63359999999966, 43.079299999999876, 44.37810000000036, 42.2217999999998, 43.8429000000001, 43.2198999999996, 44.938300000000254, 42.82719999999972, 43.01560000000018, 42.78009999999995, 43.3091000000004, 43.12589999999955], "comm_energy": [41.05369305252599, 40.931341081620005, 40.60928483897, 39.575146551994, 40.25145769053201, 40.85271342893596, 39.74452504280203, 40.43384849231602, 40.87080094726398, 42.23708604307198, 39.638860644968, 40.45190218730397, 41.16137619189202, 40.86247474993812, 41.11280807222403, 40.28381698240402, 40.22237638658004, 40.76757223533804, 39.616024189281944, 39.994605153230054, 40.97532565244184, 41.18554053823397, 40.143477391463875, 40.17023802138394, 41.33624204873209, 40.976442994321964, 40.969080928386006, 40.78508077565392, 41.02134699369403, 40.169804691255806, 41.0242755505281, 40.13233566417601, 40.34909969896577, 40.61242946683195, 42.41908845364598, 39.71607887076381, 39.67328991914609, 40.851185216696074, 39.63771858641004, 39.62273854590391, 42.66260245919995, 40.42243017770208, 40.776624000155984, 40.843920581486096, 42.77876469996608, 39.98724608865216, 40.70716799491209, 40.166333513551876, 40.641754572329816, 40.03183738135789, 39.88554146214244, 39.713885202450065, 40.801731548871764, 40.55457215807063, 40.22359511895215, 41.65934671163616, 40.27215814191773, 40.576677265866024, 40.650875665527714, 40.559972113437986, 40.69545945833437, 40.51457374595617, 40.26369664975461, 40.79111435423197, 39.90649397276612, 41.35407177154039, 39.99033661615006, 40.57964085200646, 40.309609176037924, 41.20666355658571, 40.13854397806936, 40.67547818466788, 40.09129468964379, 40.29591577274037, 40.63323696676168], "baseline_power": [0.177606], "num_seq": 75}