{"median": 27.911000889894396, "comm_energy": [27.911000889894396, 29.630050042098404, 27.449850080829588, 29.77286601185279, 27.14314034745762], "baseline_power": [0.7683193701025544], "active_power": [0.31005839999999996]}