{"avg": 0.19725658089725728, "std": 0.011010908366353149, "energy": [0.2028738343942, 0.2056841829479999, 0.2078583768422001, 0.20996700060200008, 0.18289220395420006, 0.18489926270099982, 0.1866212048392011]}