{"comm_energy": [29.395584172864, 29.669925538295004, 30.916885150015005], "baseline_power": [1.481791590706894, 1.4789250180556335, 1.4758721999933195]}