{"median_energy": 43.76479999999992, "avg_energy": 43.80516266666667, "op_energy": [43.352599999999995, 43.28609999999999, 44.2321, 41.768100000000004, 43.843699999999984, 42.02810000000005, 47.628199999999936, 42.39499999999998, 42.0578000000001, 43.87609999999995, 43.94540000000001, 43.55950000000007, 43.76479999999992, 48.5693, 43.88639999999998, 43.65269999999998, 43.65190000000007, 43.056299999999965, 43.946199999999976, 44.57420000000002, 42.009000000000015, 43.57089999999994, 43.24770000000001, 47.0761, 43.794599999999946, 43.50070000000005, 43.09100000000012, 44.22479999999996, 42.92010000000005, 43.86349999999993, 44.09850000000006, 43.52669999999989, 43.0318000000002, 44.10219999999981, 44.90800000000013, 42.911099999999806, 43.97990000000004, 44.225099999999884, 41.84180000000015, 45.140100000000075, 43.012699999999995, 43.6875, 45.68029999999999, 43.721300000000156, 43.59259999999972, 42.430000000000064, 44.7367999999999, 42.153299999999945, 43.5943000000002, 45.89400000000023, 48.452999999999975, 43.156299999999646, 43.79080000000022, 42.35709999999972, 43.78200000000015, 43.92619999999988, 43.08939999999984, 43.865200000000186, 45.35310000000027, 43.010699999999815, 43.47499999999991, 42.50220000000036, 42.19429999999966, 44.263200000000325, 43.789999999999964, 43.274699999999484, 44.363200000000234, 44.35829999999987, 44.30280000000039, 45.11879999999974, 40.87739999999985, 44.24680000000035, 43.03739999999971, 44.01250000000027, 44.14589999999998], "comm_energy": [40.854439245845995, 40.51246523836198, 41.11393233716098, 39.48051448535499, 39.90158731972898, 39.32227504776303, 44.38023550567297, 40.77829955828595, 39.17108878539204, 40.28697610242101, 40.137523348865045, 40.188175093204094, 41.07131456072702, 39.89212204880601, 40.43429009690297, 40.908726789980925, 40.33306787593305, 40.32009634436106, 40.927127027619925, 40.85021809129692, 39.01104459744904, 39.719987133765905, 40.22854899766105, 39.91447988420288, 40.21145361800894, 39.706329587358894, 39.947322881264064, 40.595856826109035, 40.24525818303316, 40.387621831809064, 40.522303423895075, 39.26507246738199, 39.46519353982913, 40.133796810321876, 40.45126521589599, 39.39418698835197, 40.20700216540292, 40.69836947476597, 39.13905133060504, 41.40520643869405, 40.785227803807075, 39.40622248504804, 41.792272628829004, 40.580173923572154, 39.73132209895492, 38.97656682268896, 40.940886824472976, 39.56222434081868, 40.614026638431, 42.26389678306323, 40.89104725658132, 40.66279930584379, 39.50003820976632, 39.33054524180863, 40.24167836747185, 39.89118409897493, 40.41172535258053, 39.96160462275075, 42.56913016259635, 40.45675110226916, 39.809880619459264, 39.57943444810312, 39.22340474945997, 40.62850783920715, 40.48314627532988, 39.66068293116643, 42.05887316801281, 40.791542537871564, 41.000541503743044, 42.12312100521774, 39.50497529856485, 41.02762733407106, 40.19348022874291, 40.43462176114527, 40.471813013541926], "baseline_power": [0.177989], "num_seq": 75}