{"median_energy": 46.94619999999986, "avg_energy": 47.580884000000005, "op_energy": [45.3176, 46.1208, 46.09129999999999, 48.04730000000001, 47.172499999999985, 46.86700000000002, 45.97789999999998, 46.65969999999999, 45.625, 46.65840000000003, 48.618100000000084, 37.70119999999997, 46.173, 43.59769999999992, 49.045799999999986, 47.66520000000003, 46.81510000000003, 46.14859999999999, 50.53399999999999, 47.5693, 45.82460000000003, 47.30439999999999, 45.9212, 46.34899999999993, 48.72440000000006, 46.07069999999999, 46.19920000000002, 47.22810000000004, 48.81639999999993, 47.684400000000096, 99.65419999999995, 47.20080000000007, 46.259199999999964, 47.00630000000001, 46.71569999999997, 47.603599999999915, 47.65779999999995, 46.26999999999998, 46.971100000000206, 51.879599999999755, 47.55210000000011, 47.48919999999998, 47.37969999999996, 47.5287000000003, 46.00579999999991, 46.6565999999998, 47.34910000000036, 47.38799999999992, 46.88599999999997, 47.10159999999996, 46.436199999999644, 46.269300000000385, 47.28890000000001, 47.85969999999952, 46.16070000000036, 47.108400000000074, 47.17609999999968, 47.46239999999989, 46.201600000000326, 47.404299999999694, 47.50190000000066, 48.38809999999967, 46.05209999999988, 46.409200000000055, 46.80589999999984, 46.363200000000234, 47.458900000000085, 46.94619999999986, 47.784200000000055, 46.941899999999805, 45.703899999999976, 47.492499999999836, 46.105900000000474, 45.88979999999992, 46.271999999999935], "comm_energy": [44.1677178384976, 44.29432393416802, 43.846302956756794, 45.21931093124481, 45.32420605613918, 44.054782791078395, 43.8950559994608, 44.323000852137554, 44.63044110091036, 44.84528957408638, 46.117910358985704, 35.56087046413454, 44.32510379415043, 42.62484291335195, 44.80059517913599, 44.28364389006878, 45.4547032596768, 44.52563448432152, 46.23151632853924, 45.59535363763198, 44.12484647535201, 45.245913989732806, 43.88342823048645, 44.00799148774079, 45.874736062368065, 44.78924121179375, 44.10855992738076, 45.170156771390396, 46.91257339386253, 45.60871536689134, 98.00823613126073, 44.355159655398644, 44.40902041382886, 45.23688253480481, 44.66732290393769, 46.71716275229275, 46.04581800705584, 44.51173432911036, 44.9922151653585, 45.73278436215502, 45.53052150299502, 45.79863169359178, 45.49680680909612, 45.41660603172507, 44.56980930511692, 45.01211653007159, 45.10883587919216, 45.31571869658139, 44.364882660455976, 45.06747086923204, 43.973850123674936, 43.93736875746408, 44.98213393848052, 45.34392431374522, 45.342061207968264, 46.04790895631219, 44.99097225105577, 45.21368885891504, 43.88043580346094, 45.344563020855645, 44.93715023485928, 45.907305947433564, 45.2407276801486, 44.282927519045174, 44.45033208546899, 44.85458487470251, 45.644933425617694, 45.28055579978563, 45.35476870894105, 44.60400885353264, 44.25428634546877, 45.24624269873892, 44.01917569317587, 44.69262484682708, 44.21383720705115], "baseline_power": [0.1782096], "num_seq": 75}