{"median_energy": 38.88959999999997, "avg_energy": 39.217952, "op_energy": [38.9748, 38.1683, 42.165400000000005, 36.9684, 37.312899999999985, 38.416799999999995, 39.27320000000003, 40.81989999999996, 39.24160000000006, 39.51129999999995, 36.83800000000002, 40.98539999999997, 42.12170000000009, 38.88959999999997, 36.817699999999945, 37.09170000000006, 41.88679999999988, 37.543300000000045, 37.73130000000003, 40.58929999999998, 36.94440000000009, 43.88359999999989, 39.04790000000003, 37.818700000000035, 44.04930000000002, 39.98700000000008, 40.49299999999971, 37.16360000000009, 36.67489999999998, 40.42650000000003, 39.118999999999915, 38.615600000000086, 37.7501000000002, 40.625699999999824, 40.33889999999997, 36.276800000000094, 37.5911000000001, 37.81739999999991, 37.92839999999978, 38.43260000000009, 37.234899999999925, 37.29100000000017, 36.98289999999997, 41.23009999999999, 37.83010000000013, 37.94509999999991, 40.76879999999983, 41.936400000000276, 36.82239999999979, 38.551800000000185, 39.65859999999998, 38.131200000000035, 39.11499999999978, 39.57510000000002, 39.32230000000027, 42.845400000000154, 38.6274999999996, 37.76800000000003, 38.97200000000021, 38.76529999999957, 40.713500000000295, 37.16370000000006, 48.6871000000001, 38.166899999999714, 40.47310000000016, 43.43129999999974, 39.37940000000026, 39.11830000000009, 40.53240000000005, 38.2819999999997, 37.6232, 38.04870000000028, 37.89039999999977, 41.04100000000017, 39.08959999999979], "comm_energy": [36.799054775631994, 34.90678657237121, 39.05168600322081, 33.80611861371041, 34.674282101427195, 35.20870902833758, 35.36848291066721, 34.85526701581119, 36.6320932972144, 36.336391051249564, 33.66906312785922, 37.921104822527994, 39.25003718607525, 35.793321588377665, 34.65256870381926, 33.99702554553286, 39.1729977819903, 35.05721488981602, 34.71189795601433, 37.45822656969118, 34.725331465641624, 41.108469713054376, 35.56020355157764, 34.88540477914082, 41.205434993905705, 36.26632664200818, 37.767361408739035, 33.92679241892141, 33.716583439243216, 37.64689140393438, 36.34392709468302, 35.4630522269024, 35.5564339272865, 37.387967649809546, 37.04627337303184, 34.53773569866403, 34.80129264642567, 34.869623866075116, 35.077058559403106, 35.555802053743875, 34.77381604537754, 34.73020081203366, 34.09860985577916, 37.752677699056036, 35.612560722328176, 35.1456108150945, 37.858072100228696, 38.43789825768825, 34.666015319167826, 35.7530540715088, 36.774268764001825, 35.782714770067145, 35.905682245735804, 36.61808607941762, 36.612429682449516, 39.498641822788805, 35.929799441718345, 34.80363555839518, 36.223380046262776, 35.424601906015866, 37.92255670920002, 34.27353825440197, 41.41553244531714, 36.10853304526356, 38.29116835532955, 40.69733104406362, 36.35618054294542, 36.312482790157, 38.021377513683575, 36.258869160699305, 34.759027718419475, 34.97560668097138, 35.01918806397753, 34.86106824648292, 36.595645868890884], "baseline_power": [0.1782096], "num_seq": 75}