{"op_energy": [48.1276, 47.701499999999996, 48.947500000000005, 49.6079, 49.8892, 48.02029999999999, 48.165700000000015, 49.234099999999984, 49.09870000000001, 48.13510000000001, 48.440699999999964, 48.05710000000002], "comm_energy": [43.129335712648, 42.321405208411, 43.58047992710099, 44.507444186006, 44.6255508002228, 42.3076334368964, 43.0788991748876, 43.512535777086775, 43.6677689965376, 43.09101898923841, 43.38641927439998, 43.00176667948157], "baseline_power": [0.45839700000000005, 0.4580684, 0.45741119999999996], "num_seq": 4}