{"median_energy": 48.245200000000295, "avg_energy": 53.82180266666667, "op_energy": [47.73759999999999, 47.36200000000001, 47.72229999999999, 99.70930000000001, 49.30579999999998, 46.01280000000003, 47.382799999999975, 100.22640000000001, 48.07940000000002, 46.84940000000006, 48.59059999999988, 53.586400000000026, 47.19629999999995, 48.45760000000007, 48.79689999999994, 50.18190000000004, 98.93630000000007, 47.9534000000001, 49.48819999999978, 47.55919999999992, 48.526900000000296, 47.35519999999997, 47.7645, 50.862499999999955, 46.86699999999996, 47.497699999999895, 49.39720000000011, 46.7195999999999, 102.38090000000011, 48.55619999999976, 49.5300000000002, 48.52149999999983, 47.76390000000015, 47.69219999999996, 101.22630000000004, 47.428899999999885, 47.50500000000011, 47.353200000000015, 47.901800000000094, 48.634900000000016, 48.25500000000011, 47.31829999999991, 48.00099999999975, 48.72360000000026, 48.59039999999959, 48.64810000000034, 46.29019999999991, 49.552400000000034, 46.91139999999996, 100.03800000000001, 100.10370000000012, 48.842099999999846, 50.98040000000037, 46.45459999999957, 47.170700000000124, 52.391599999999926, 49.209699999999884, 46.802200000000084, 46.66730000000007, 48.7808, 47.66640000000007, 49.670500000000175, 99.59779999999955, 47.85510000000022, 48.264300000000276, 47.46009999999933, 48.218100000000504, 48.11729999999989, 51.7217999999998, 44.984100000000126, 49.52520000000004, 48.11959999999999, 48.11439999999993, 48.245200000000295, 48.723799999999756], "comm_energy": [44.32526960116799, 44.843533198808004, 44.574686101038, 96.922813749092, 46.37017997313999, 43.870475333852056, 44.49130394078001, 96.444801548616, 44.40063853301598, 43.89566729969608, 45.0609350890359, 46.39800657038997, 43.79990987498196, 44.42020383133206, 45.1368450506159, 46.82363954202396, 96.30399284639802, 44.180692206422066, 45.313565916559945, 44.434189259757936, 45.55549895676806, 45.22426558114605, 44.01729462710802, 46.7403152256761, 43.88606776397002, 43.60112149714597, 45.749007166676144, 43.93849767722177, 98.9005742400201, 45.68231403907181, 45.823400222554156, 44.405550181898015, 44.13755427188215, 44.20916008777202, 97.19112870158408, 44.785536356159945, 44.23106800734387, 44.55767519574204, 44.589013289021906, 45.291586403340425, 45.20980082672233, 44.242794614179964, 45.08952465076006, 45.47261795786389, 45.69959130958774, 45.964982846600066, 44.441987669602376, 45.644031909595974, 44.0575052747243, 96.42461797258572, 96.46140990531782, 46.175189628769864, 47.104293554016245, 44.64047860892009, 44.507823675350274, 44.789443647741926, 45.777522356573805, 44.24391531816181, 43.95318950641415, 45.30626259172387, 43.79890864785997, 45.44975711814825, 96.53240741238974, 44.40203356375614, 44.66768552495608, 44.47470030583967, 45.33296250200395, 44.44393028818192, 47.67951528033983, 43.82307429858192, 46.011800515250286, 44.57702353452376, 44.67999814241789, 44.87546757898839, 45.23256743491019], "baseline_power": [0.177606], "num_seq": 75}