{"op_energy": [49.0941, 49.77160000000001, 48.637700000000024, 52.17839999999998, 50.774699999999996, 50.952100000000016, 48.456299999999985, 51.50110000000001, 47.498000000000005, 50.6375, 49.665400000000005, 49.77850000000001], "comm_energy": [44.834309267765796, 45.234491244293004, 45.647548415532235, 45.826307453391195, 44.92329692487299, 45.92767521769302, 45.58384827148999, 45.42633130289402, 44.889517946528, 45.11995785074299, 45.078198374858, 45.25924596790402], "baseline_power": [0.45313939999999997, 0.45511100000000004, 0.45511100000000004], "num_seq": 4}