{"median_energy": 36.251100000000065, "avg_energy": 36.37259733333333, "op_energy": [35.001999999999995, 36.90060000000001, 36.85659999999997, 35.279300000000035, 35.078899999999976, 36.51060000000001, 36.50909999999996, 36.251100000000065, 35.25989999999996, 38.02760000000001, 36.07730000000004, 37.58819999999997, 36.07900000000001, 36.27869999999996, 35.25, 35.90470000000005, 35.59529999999995, 36.284400000000005, 36.27730000000008, 36.465599999999995, 35.46419999999989, 35.86160000000007, 36.44460000000004, 36.995199999999954, 37.08140000000003, 36.6472, 36.20730000000003, 34.97019999999998, 35.1706999999999, 36.9543000000001, 34.205799999999954, 38.07499999999982, 35.758200000000215, 37.51890000000003, 35.29259999999999, 37.141099999999824, 36.41600000000017, 40.56790000000001, 36.5630000000001, 36.10259999999971, 36.77960000000007, 37.60490000000004, 34.56860000000006, 36.50819999999999, 35.75499999999988, 37.75910000000022, 35.385899999999765, 34.858400000000074, 36.62729999999988, 37.88760000000025, 35.14309999999978, 37.18730000000005, 35.302000000000135, 35.7036999999998, 39.36260000000016, 35.104199999999764, 37.87840000000051, 35.384399999999914, 40.177599999999984, 36.50829999999951, 35.29560000000038, 36.73999999999978, 35.88610000000017, 35.89879999999994, 35.73580000000038, 35.91579999999976, 35.20710000000008, 37.23860000000013, 38.40289999999959, 35.64940000000024, 36.971700000000055, 35.74609999999939, 35.64010000000053, 37.70059999999967, 35.516000000000076], "comm_energy": [31.8555202415076, 32.89797382575171, 33.13835673574808, 31.886863849087113, 31.474937315143976, 32.943068671455215, 33.032905489957066, 32.719929666781546, 31.863175173024928, 34.641117751544996, 32.40868525637789, 33.54332109826206, 33.43052589722863, 32.97738057848487, 31.594346951179944, 31.971419345384962, 32.443467904612774, 32.780500893592304, 32.908618871465485, 32.533702114963305, 32.34876761917973, 32.117264254244056, 32.80833953418949, 33.160651418310906, 32.71590229001359, 33.102268546910935, 32.681875400647684, 31.611736577025447, 31.74997914504025, 33.30970212276084, 31.61855263806237, 34.558957500245405, 33.82103266569649, 34.13755934010399, 32.56600924124504, 32.72145624478222, 32.950477645671455, 32.34350053772249, 32.63508533569235, 33.498960133417896, 33.9586869258376, 33.4793440671052, 32.183082295064224, 32.640731143651436, 31.838665075286865, 33.59477700206182, 32.64087218023339, 31.622144253432694, 32.63937654582072, 33.8166564837664, 32.35367324964773, 34.16617920839616, 31.840549653616936, 31.762362224811014, 35.30869280584129, 33.987153261053464, 33.79927936160959, 34.1921452656145, 32.85977009439506, 32.870119079882386, 31.879493264081255, 33.16675316703819, 32.83866303390654, 32.32381207286904, 32.42882635951763, 33.39508663052356, 33.04200033683325, 34.805156704540906, 34.15259101310269, 32.92092632480087, 33.07556173668365, 32.58005829676034, 32.07239523133036, 32.851367921612685, 33.05655325216767], "baseline_power": [0.1779349], "num_seq": 75}