{"median_energy": 46.487899999999996, "avg_energy": 44.36279733333333, "op_energy": [48.7486, 47.5463, 47.4452, 46.487899999999996, 48.43460000000002, 33.83749999999998, 48.05189999999999, 34.4785, 48.83019999999999, 34.85430000000002, 37.0437, 100.49060000000003, 47.62940000000003, 49.673599999999965, 34.33940000000007, 47.129999999999995, 36.59119999999996, 47.092199999999934, 34.94349999999997, 45.53710000000012, 39.41229999999996, 33.895200000000045, 36.660799999999995, 52.542399999999816, 47.5009, 47.51440000000025, 48.18579999999997, 48.10799999999995, 42.62989999999991, 46.875999999999976, 44.8898999999999, 36.074600000000146, 35.58860000000004, 51.631000000000085, 38.11869999999999, 98.19619999999986, 35.90460000000007, 47.503400000000056, 48.837999999999965, 34.05969999999979, 48.02290000000016, 47.33179999999993, 47.445700000000215, 48.73090000000002, 47.40139999999974, 43.03720000000021, 47.284400000000005, 49.10309999999981, 46.87089999999989, 35.53020000000015, 35.415300000000116, 48.51949999999988, 43.425700000000234, 47.71389999999974, 44.63889999999992, 47.32290000000012, 48.346500000000106, 49.4360999999999, 45.513200000000325, 34.71469999999954, 33.79289999999992, 35.025800000000345, 38.427999999999884, 43.05400000000009, 47.660399999999754, 35.86720000000014, 36.35919999999987, 36.83460000000014, 47.5332999999996, 44.06610000000046, 47.335599999999886, 36.05130000000008, 34.069800000000214, 35.065599999999904, 36.94469999999956], "comm_energy": [46.329316603745994, 44.06437160317401, 44.185348810698, 43.69466438623398, 45.13865482491402, 30.490927417032022, 44.823108895387996, 31.039519544807998, 46.72139174809595, 30.895328427438, 34.18055964280997, 98.08868949073002, 44.19825978182206, 45.800942292692014, 30.36158857932409, 43.91392901179813, 33.258422235626036, 43.83734626166797, 31.34451821191603, 42.04207963182808, 35.52180393665602, 31.14876946413008, 32.967437359240016, 46.281208518919776, 44.80443316760981, 43.781848023938, 44.62258608867612, 44.46439827079194, 38.421342358410065, 44.74449808208176, 42.23983718259584, 31.36656993111988, 32.89092973926399, 44.10895210657609, 34.1147759111721, 96.35552674797789, 31.983418923687974, 44.788949525752074, 45.60625870695615, 30.54156571323777, 44.22750852220199, 44.65073686834794, 44.48840987999803, 45.12373709652419, 44.60823837335399, 39.65691105796817, 43.79456971441403, 45.04507421941007, 44.15243073862588, 32.48062370848195, 31.777011368102333, 44.974172551480244, 40.238569575452075, 44.01865008803367, 41.016309916827666, 44.28328302285818, 45.24297494592387, 46.292668024276374, 43.61783435287644, 31.257061401461836, 30.052791523628084, 31.62790400711415, 34.738729950012036, 38.94389381494811, 45.11388551671751, 32.92873751851632, 32.28616174923809, 34.62349039582213, 44.35778349268387, 40.199252539552035, 43.716469609951695, 32.283742636849674, 31.77913967827026, 31.58702823466434, 34.10142806582182], "baseline_power": [0.177606], "num_seq": 75}