{"median": 37.71719072333281, "comm_energy": [38.5780288269342, 37.484819749017404, 39.027157944124994, 37.71719072333281, 37.410895743094585], "baseline_power": [0.48711194814506115], "active_power": [0.1072214]}