{"median_energy": 45.240999999999985, "avg_energy": 45.350872, "op_energy": [44.7665, 45.24549999999999, 46.105800000000016, 44.91579999999999, 45.4838, 42.84640000000002, 45.14809999999994, 43.080400000000054, 45.563999999999965, 47.22240000000005, 43.54609999999997, 45.73810000000003, 43.42279999999994, 44.365900000000124, 44.57999999999993, 44.58179999999993, 45.747400000000084, 44.37329999999997, 45.66279999999995, 46.55140000000006, 45.33249999999998, 43.65250000000003, 45.72029999999995, 44.0145, 44.20939999999996, 45.72919999999999, 47.144000000000005, 47.324200000000246, 44.72649999999999, 47.77829999999972, 44.29140000000007, 46.22850000000017, 45.65380000000005, 46.7040999999997, 45.12640000000033, 44.54069999999979, 43.817999999999984, 44.65789999999993, 46.84980000000019, 44.03099999999995, 46.962600000000066, 44.891099999999824, 46.85630000000015, 45.76559999999995, 45.58329999999978, 49.897399999999834, 44.695000000000164, 46.26999999999998, 45.438300000000254, 44.4708999999998, 46.010299999999916, 45.33800000000019, 44.15859999999975, 45.2161000000001, 45.07430000000022, 43.97460000000001, 44.3448999999996, 44.63060000000041, 45.35750000000007, 47.072099999999864, 45.3139000000001, 46.25720000000001, 46.21349999999984, 47.870600000000195, 44.0300000000002, 46.154999999999745, 45.240999999999985, 45.218099999999595, 45.64480000000049, 44.87739999999985, 44.3715000000002, 45.228999999999814, 45.13639999999987, 46.677000000000135, 44.5912000000003], "comm_energy": [42.082783377644006, 41.673511983254, 43.267755486968014, 41.713239265973996, 42.77429171586602, 40.83573402846601, 41.58757128658598, 40.51060880936598, 41.26253849392598, 43.19411667496607, 42.089788217162, 41.822691702076, 40.797639669545894, 40.915635723104074, 40.73563749457406, 40.98177978685998, 42.158445422384084, 42.159662662142004, 42.19924049175797, 43.18488366613605, 41.49189386418998, 40.91827220088799, 42.107019676414, 41.231482653845816, 40.98703143342589, 41.684929011817914, 43.3362712075038, 43.2112210121221, 42.37533785940197, 44.294025602733996, 41.17038695642191, 43.718715240894106, 41.582267059990095, 42.822250523219935, 43.15713483413211, 41.03574152657197, 40.726048744027885, 41.218852926021825, 43.28727847590594, 42.048287365495995, 43.45884408528804, 42.12351306498993, 43.41616229821618, 42.15692461764789, 42.5257393639918, 43.08660793596772, 42.98825771028007, 43.27087383708418, 41.87128853875608, 41.832472803657964, 41.993308987427426, 41.14036829725409, 40.82772666887583, 41.31473713747764, 42.31765832597803, 40.871018974317764, 41.10725844745137, 40.93177947078821, 41.821410669624356, 43.55562877020805, 41.96577500072817, 42.51069862641, 43.274517859906034, 43.85606662879823, 41.616050028679965, 41.97483637875423, 42.03949414488994, 41.5774761749093, 42.56325547138411, 41.95459506091594, 41.96625559704208, 41.928103900798206, 41.93015661986957, 42.764150760209965, 41.62225877597646], "baseline_power": [0.177606], "num_seq": 75}