{"median_energy": 34.465000000000146, "avg_energy": 34.51546133333333, "op_energy": [33.759299999999996, 34.54500000000001, 34.85069999999999, 33.42890000000001, 34.635400000000004, 34.81989999999999, 33.98659999999995, 34.832700000000045, 37.90840000000003, 33.40120000000002, 35.827699999999936, 34.37819999999999, 34.80520000000001, 33.97370000000001, 35.090899999999976, 34.68140000000005, 34.44730000000004, 34.524599999999964, 37.85450000000003, 34.29729999999984, 34.45450000000005, 37.922100000000114, 33.93959999999993, 33.551900000000046, 34.47529999999995, 35.347099999999955, 34.0018, 34.295600000000036, 35.655899999999974, 33.44010000000003, 34.71270000000004, 34.72259999999983, 34.414600000000064, 35.358000000000175, 34.93489999999974, 35.08710000000019, 34.644399999999905, 34.67879999999991, 34.465000000000146, 32.765100000000075, 33.391200000000026, 34.67910000000006, 32.91099999999983, 35.5639000000001, 32.74499999999989, 34.547000000000025, 33.71160000000009, 33.89149999999995, 33.95920000000001, 33.58959999999979, 33.5304000000001, 34.01189999999997, 35.68080000000009, 33.43470000000002, 35.72140000000013, 33.73949999999991, 34.81619999999998, 33.653499999999894, 34.86500000000024, 34.64289999999983, 32.823199999999815, 34.212300000000596, 33.178499999999985, 34.26759999999922, 36.29260000000022, 34.13740000000007, 35.669200000000274, 33.73429999999962, 36.106300000000374, 34.96519999999964, 34.99420000000009, 33.92729999999983, 34.3744999999999, 34.63140000000067, 33.344199999999546], "comm_energy": [30.760351341878, 32.00200589331602, 31.78679688821599, 30.94740719497661, 32.518612381547136, 32.22672379255669, 31.29960334811376, 31.58028421041088, 30.635538798687033, 30.667468200093346, 33.706385383351176, 31.408510206354673, 32.047928845270796, 31.30612077453968, 32.43593156073506, 32.15171184395561, 31.4640290903867, 31.486458909920348, 31.148754478162765, 31.58464847827201, 31.6482784924993, 31.640119685428154, 31.072124506616923, 30.798623701375526, 31.667809289835052, 31.766770217780746, 31.6637863212021, 31.560168987842275, 32.42533815019905, 31.366857314230757, 32.0576630046296, 31.64578093023688, 31.500364329563045, 32.15305848093333, 31.571462979014466, 31.880064697656426, 32.25149593213388, 31.714920899828343, 31.817345000285684, 30.44481368357074, 30.375126241122704, 31.291378348228466, 30.874884860489875, 32.531311061630184, 30.92337890946198, 31.549684284889018, 30.93692239156077, 30.921013869747057, 30.927185913546413, 30.803466003607323, 30.729245259743312, 31.00780175904431, 33.50390012146859, 30.757415470478215, 32.67758135222871, 30.633234122946885, 31.837556584663712, 30.766799728160752, 32.087400389870055, 31.804276337135725, 30.385547264234813, 31.744842988028168, 30.259288219394165, 31.399362743192498, 33.27289744053778, 31.64604722001904, 33.16055065265006, 30.52222542931772, 33.10703870713663, 31.971922790285284, 32.157157612912734, 31.37705152184106, 31.51671041463853, 31.586767639611228, 30.361556311985023], "baseline_power": [0.1745397], "num_seq": 75}