{"median_energy": 48.69150000000002, "avg_energy": 54.68954133333334, "op_energy": [49.93190000000001, 53.605999999999995, 99.34799999999998, 49.80759999999998, 49.482800000000054, 50.170699999999954, 47.04220000000004, 49.077, 48.96839999999992, 98.7464, 48.184400000000096, 47.3134, 48.69150000000002, 99.03179999999986, 48.413400000000024, 49.90050000000008, 47.461400000000026, 48.94319999999982, 48.77530000000024, 50.09869999999978, 46.66240000000016, 53.112499999999955, 47.881399999999985, 47.56280000000015, 47.974699999999984, 99.82549999999992, 48.53530000000001, 99.01600000000008, 49.115800000000036, 46.82719999999995, 49.94089999999983, 48.421400000000176, 48.49879999999985, 47.93180000000007, 48.12090000000012, 47.6746999999998, 48.66149999999993, 47.45040000000017, 48.26900000000023, 48.341899999999896, 46.661899999999605, 48.28610000000026, 47.9712999999997, 48.786300000000665, 47.46569999999929, 48.744300000000294, 47.5637999999999, 47.44639999999981, 49.099800000000414, 48.22559999999976, 48.326400000000376, 47.70249999999987, 48.930199999999786, 47.610999999999876, 52.67970000000014, 47.034400000000005, 46.96260000000029, 48.72960000000012, 99.4359999999997, 48.64440000000013, 47.36819999999943, 49.54570000000058, 98.69839999999976, 48.809099999999944, 48.753200000000106, 48.99629999999979, 99.2752000000005, 48.423499999999876, 99.90300000000025, 48.55249999999978, 49.061599999999544, 49.3712000000005, 48.72879999999941, 46.85080000000062, 50.250600000000304], "comm_energy": [47.401675718864006, 47.090427947926, 97.10394078339198, 46.79298314520396, 46.86620243887604, 47.972597670658004, 45.29542968257602, 46.69290713302802, 46.5292315114459, 97.42987212853596, 45.85864637475402, 45.11833613299008, 47.10895821724208, 97.00291302717787, 46.09424739390399, 47.21997831625398, 45.422763717575954, 46.46120729914388, 46.23242931353412, 48.235296006405754, 44.39766609416598, 46.30985389171602, 45.78866710540407, 45.52499422762023, 46.00056419473809, 97.29483368651805, 46.752715493288214, 97.247826347628, 45.83125662712622, 45.109811447134156, 46.720781588575754, 46.35455039804814, 46.64508269057592, 45.42787712361211, 46.746465930260335, 45.35921292318209, 46.48002454212381, 45.214738455212284, 46.104650360792384, 45.804328350961924, 44.96428331728795, 46.861669283132315, 45.60188296848999, 46.76791162840867, 45.39766757797558, 46.67583020386411, 45.292178083893766, 45.290358076992014, 46.58448777212989, 45.98264629701968, 46.05873036815629, 45.33711043347619, 46.57486269241815, 45.57503297656967, 46.626089719787515, 45.65562897026788, 44.94869604326632, 46.40043421841426, 97.12978481451199, 45.68816416115029, 45.133450690227576, 46.81954111235225, 97.45045840641754, 45.3824950668936, 46.131854298935664, 46.179310864607885, 97.30709837836652, 45.757596371284045, 97.34679711670458, 45.65991620016422, 46.95280501048002, 47.17873133026205, 46.27262167092375, 45.07120455731007, 47.707999578790684], "baseline_power": [0.177606], "num_seq": 75}