{"op_energy": [108.60880000000002, 107.6981, 107.00720000000003, 108.61169999999998, 106.61130000000001], "comm_energy": [88.93410075500904, 88.16383422220001, 88.39059304685992, 89.75604069287799, 87.91121143590202], "comp_energy": [0.7597223755615321, 0.7963483822879649, 0.636450479877638, 0.7983102673119902, 0.6990605286357336], "baseline_power": [0.8219211000000001, 0.8435560000000001, 0.8423129, 0.849149, 0.8488909], "num_seq": 2}