{"energy": [63.2399, 64.2518, 63.0419, 62.412800000000004, 62.6614], "avg": 63.12156}