{"avg": 0.0022115440953636503, "std": 0.0004970923389633268, "energy": [0.0014857569819999958, 0.0030841738879999886, 0.002897210244000041, 0.0028042464719999966, 0.0026425134259999926, 0.0025031078080000103, 0.0022842606240000216, 0.0021227605179998917, 0.0024473466934, 0.002347287878399994, 0.0022175525396000415, 0.0020555675680000176, 0.0019377543008999992, 0.0017894574522000855, 0.001607915276199952, 0.0014083629131999744, 0.0029916058072002095, 0.0017733439515000005, 0.0015699545710000193, 0.0014088040440000213, 0.0029275982774999917, 0.0027506635864999727, 0.002627331802500056, 0.0024363403980000183, 0.002250655790000042, 0.002102421901999864, 0.0020681003146000034, 0.0018616965609000002, 0.0017213695567999733, 0.001577945425299998, 0.0015185227245000654, 0.0014968141121001117, 0.0014411281479000642, 0.0031128175939999945, 0.003178276925800044, 0.002288726055300003, 0.0023077965209999983, 0.002324497762000016, 0.0023652569560000405, 0.0023227249851000206, 0.0023066747289000183, 0.0023030504775000196, 0.0023077965210000204, 0.0023307501132000183]}