{"avg": 0.00213453861252955, "std": 0.00047349895165599894, "energy": [0.001569568926159995, 0.0014084008570400014, 0.0030159788587200394, 0.002923960167359996, 0.002764074640879992, 0.0026482397156799065, 0.0024089555731200197, 0.00224889397383989, 0.002584724630560001, 0.0024856872345599954, 0.002357309896640042, 0.0021970486912000196, 0.0020804582085600003, 0.0018909054783201068, 0.0016996931780799529, 0.001502290658879976, 0.0013611936929599998, 0.00189141426344, 0.001663399839520019, 0.001503986609280021, 0.001327783470079999, 0.0028865128968799726, 0.0027650584188000553, 0.002575572605760018, 0.002391907284800042, 0.0022453771702398637, 0.0022179234782600033, 0.0019469440535199959, 0.0018174128500799732, 0.0016755928099299975, 0.0016167642934500654, 0.0015905667647400424, 0.0015403001929900656, 0.0015714931254900422, 0.001619219609479952, 0.0024075965440800012, 0.0024264821255999963, 0.0024434092432000136, 0.002483482441600039, 0.0024412658613600187, 0.002425371209040017, 0.0024217820940000178, 0.0024264821256000184, 0.0024492131875200164]}