{"op_energy": [112.583, 108.45550000000003, 109.54919999999998], "comm_energy": [94.02550000000001, 90.86900000000003, 90.99820000000001]}