{"op_energy": [106.36999999999999, 106.37279999999998, 106.2691], "comm_energy": [87.44756948003199, 87.02296348919998, 87.69938978152959], "comp_energy": [0.4897797237190087, 0.47680774959994743, 0.5430275842272234], "baseline_power": [0.852439, 0.8554, 0.8590868], "num_seq": 2}