{"avg": 0.1544058926038, "std": 0.0021144531940788395, "energy": [0.15096795976432004, 0.15298136874784002, 0.15488227383823996, 0.15738347875696, 0.15169511621424006, 0.15344098825727998, 0.1527797319664, 0.15449956232608, 0.15611344540127997, 0.15573753202640003, 0.15745364214559993, 0.151783846988, 0.15263599346208, 0.15438296284223996, 0.15602672195152004, 0.1577296569723201]}