{"avg": 0.16242416079575, "std": 0.0015362352063916058, "energy": [0.163258341, 0.16493996734, 0.16359209989999987, 0.16151162670000002, 0.1627623553999999, 0.16433255550000045, 0.16380712265199993, 0.1621592078540001, 0.1612994829759998, 0.15802806879999998, 0.16183885052800012, 0.1616825118780001, 0.16213689245199983, 0.16326879512999998, 0.16246460769400003, 0.16170408692799992]}