{"avg": 0.05116680999857509, "std": 0.007743796271128922, "energy": [0.06265051789440002, 0.05691937178200002, 0.05087829033760033, 0.044393417920999975, 0.03798650576840025, 0.05893384114259986, 0.05220827653399987, 0.0453642586086004]}