{"median": 35.646659975564006, "comm_energy": [35.47406467274799, 35.926192042968, 35.646659975564006, 35.302276558216, 35.674763226003996], "baseline_power": [0.7360243637590785], "active_power": [0.307428]}