{"comm_energy": [43.429750039700004, 43.6819892317275, 45.008742694035], "baseline_power": [1.4531982582020069, 1.441853604953123, 1.4499778217075365]}