{"median_energy": 34.5014000000001, "avg_energy": 34.455808, "op_energy": [34.2878, 32.8731, 33.71600000000001, 34.26480000000001, 34.39379999999997, 34.66239999999999, 35.33270000000002, 35.621099999999956, 35.8845, 33.44790000000006, 33.56309999999996, 34.4889, 34.961299999999994, 33.77280000000002, 36.09100000000001, 33.24309999999991, 34.37950000000001, 33.27070000000015, 34.23669999999993, 36.330100000000016, 34.449100000000044, 33.55329999999992, 34.52559999999994, 34.71260000000018, 34.09399999999994, 34.72659999999996, 35.063499999999976, 34.75890000000004, 33.81779999999992, 34.59400000000005, 34.327, 32.67769999999996, 34.55160000000001, 34.05150000000003, 34.73590000000013, 34.67719999999986, 34.35169999999994, 35.14350000000013, 34.92899999999986, 33.2043000000001, 34.02629999999999, 35.947000000000116, 32.3445999999999, 34.85990000000015, 33.70959999999968, 34.61650000000009, 34.57290000000012, 33.72720000000004, 36.2675999999999, 35.0775000000001, 34.50859999999989, 34.55510000000004, 34.68809999999985, 34.221500000000106, 34.46080000000006, 34.09840000000008, 34.57239999999979, 33.44839999999999, 37.11410000000001, 33.2176000000004, 35.143199999999524, 34.5618000000004, 34.779299999999694, 34.5014000000001, 34.222999999999956, 34.27840000000015, 35.80229999999983, 33.041099999999915, 34.49510000000009, 33.15950000000021, 35.0640999999996, 35.10600000000022, 34.085599999999886, 34.97200000000021, 35.172599999999875], "comm_energy": [31.282925254472, 31.026799176716, 29.993614236030005, 30.955816538464017, 31.072347873040002, 31.101917760985977, 31.558199366337977, 31.75418187809994, 32.12377431878598, 31.07427729306004, 30.036614105355973, 31.03410992563199, 31.32377865500995, 29.992674950593997, 32.57329030565605, 30.321191253059922, 30.579490450139925, 30.357514755950067, 30.389366006795978, 32.39514760984798, 30.211169904005953, 30.220462394399934, 31.41386932837998, 31.084277593518035, 30.912434967572068, 31.50189597250194, 31.52740430708591, 31.362564763999963, 30.798504024571947, 31.429319652076018, 30.701995906673975, 30.131097754083893, 31.083167876719802, 30.989364181443893, 31.09477827677817, 31.36697212821999, 31.174520982738027, 31.648902153726056, 31.137722926221933, 30.760664413834018, 30.783080267224, 32.56921848421816, 30.423755330638127, 30.918608304168057, 30.189556460227816, 31.497672502744056, 31.117173278519903, 30.174667031468083, 32.88222405756608, 32.694414565932036, 31.487043792671862, 30.96972650736003, 31.219210377423714, 31.785337255759906, 30.87532375589001, 30.37893079295424, 31.020088205245923, 29.940300708985834, 33.11831916387002, 30.13049758799862, 30.846497905893944, 31.192713926292043, 31.786530019924022, 31.595724450184154, 30.761229759527783, 31.006291949217882, 31.711032215595854, 30.541292678021843, 30.57506341767388, 30.020356930024462, 31.91613193307195, 30.798178692741892, 31.085810266518084, 31.231790244478237, 31.454297089224163], "baseline_power": [0.177606], "num_seq": 75}