{"median_energy": 48.042399999999816, "avg_energy": 50.92941733333334, "op_energy": [47.61000000000001, 47.15559999999999, 47.49459999999999, 99.71610000000001, 47.507600000000025, 49.54509999999999, 47.428200000000004, 102.11190000000005, 47.03679999999986, 46.882200000000125, 51.35879999999986, 47.91710000000012, 47.654199999999946, 45.49169999999992, 48.71550000000002, 45.77060000000017, 51.51249999999993, 45.946500000000015, 50.29589999999985, 45.64760000000024, 47.14559999999983, 49.544799999999896, 100.67540000000031, 48.322299999999814, 48.490600000000086, 47.660399999999754, 49.810900000000174, 46.83750000000009, 49.129599999999755, 46.61810000000014, 48.393800000000056, 48.82999999999993, 48.10509999999999, 45.78190000000018, 50.86069999999995, 45.97819999999979, 49.49530000000004, 47.35940000000005, 48.68810000000008, 101.4997000000003, 48.78619999999955, 49.38139999999976, 49.36590000000069, 47.65949999999975, 47.141399999999976, 49.797399999999925, 47.840200000000095, 48.042399999999816, 46.35860000000048, 49.14619999999968, 50.47880000000032, 47.41889999999967, 48.90119999999979, 46.362400000000434, 49.30819999999949, 47.775800000000345, 48.15950000000021, 47.49669999999969, 46.45010000000002, 47.575700000000325, 48.76489999999967, 47.75239999999985, 50.26700000000028, 47.4998999999998, 49.14460000000008, 48.03949999999986, 47.35680000000002, 49.88850000000002, 48.19290000000046, 48.84159999999929, 45.79580000000033, 47.859300000000076, 47.103799999999865, 48.48369999999977, 49.24320000000034], "comm_energy": [45.934293932578406, 45.380358541924, 45.307014542975985, 97.1581367986976, 44.86097312440886, 46.10334589366326, 45.663949165587205, 98.81317499972404, 44.1320793353967, 43.7557323362504, 47.2005244443063, 45.756704121382455, 46.70220204239759, 43.64276544375196, 45.07599942447997, 43.689049764800856, 47.589006126031265, 44.162613197241626, 46.71302588356476, 44.38779835628731, 43.91276651784243, 45.44956655634151, 97.40995711239306, 45.405034591689734, 46.20984528913217, 46.60456635670632, 47.50796235888314, 44.87023291312247, 45.393217940499895, 44.63767172723982, 45.26400659351527, 46.69325152173848, 46.5638115876726, 44.37395363273066, 46.98155539144952, 44.74403165653647, 45.82868288226873, 45.882280284126445, 46.62873989075441, 97.64211731891083, 45.59084283367505, 47.201465911065064, 46.74897922236428, 46.3347674970099, 45.18088119356483, 46.029069134477055, 46.107344045748206, 45.55193862692632, 44.35502077271585, 46.143965246656386, 47.834508134858204, 45.39594981816711, 45.85247815206903, 44.202819148449755, 45.908216795548164, 45.5836088962113, 45.926359433430385, 45.23562367132803, 44.63172481133736, 44.40599089595601, 45.876668088509824, 44.64949556671424, 47.14633349215859, 45.46538092265822, 47.50145861824666, 45.255606102426185, 44.32333404709131, 46.20712613455303, 45.454914860942026, 46.49288126092452, 44.84877339058506, 44.465481499264506, 44.26681828918984, 45.74423165139647, 46.21283905608901], "baseline_power": [0.1778808], "num_seq": 75}