{"median_energy": 36.29449999999997, "avg_energy": 37.304872, "op_energy": [39.9705, 39.56840000000001, 37.42499999999998, 36.38589999999999, 38.697400000000016, 34.29769999999999, 37.7107, 36.65810000000005, 40.976899999999944, 34.863699999999994, 33.66820000000001, 43.26420000000002, 38.59620000000001, 41.476999999999975, 35.780200000000036, 43.47339999999997, 36.02430000000004, 42.551099999999906, 34.60500000000002, 35.58030000000008, 34.63709999999992, 35.30540000000008, 33.92179999999996, 36.29449999999997, 40.148700000000076, 41.980999999999995, 39.72890000000007, 36.563899999999876, 34.215599999999995, 34.233000000000175, 35.09699999999998, 34.923499999999876, 35.90859999999998, 38.43190000000004, 35.98230000000012, 36.60609999999974, 35.892700000000104, 44.34310000000005, 34.5616, 35.98309999999992, 42.43990000000008, 36.5963999999999, 41.58710000000019, 38.553699999999935, 38.081899999999905, 37.00980000000004, 42.421100000000024, 36.58510000000001, 34.89210000000003, 34.78409999999985, 36.1704000000002, 34.509399999999914, 36.03969999999981, 38.94999999999982, 34.34890000000041, 41.27280000000019, 42.797399999999925, 41.98579999999947, 38.26560000000018, 38.64710000000014, 35.153899999999794, 33.07490000000007, 35.17080000000033, 34.26359999999977, 35.74850000000015, 34.60770000000002, 34.77779999999984, 36.19840000000022, 36.32690000000002, 37.83849999999984, 40.25229999999965, 35.3426000000004, 35.43769999999995, 35.295500000000175, 36.103999999999814], "comm_energy": [36.4210527758384, 38.101047192761605, 33.92904313023519, 32.55820017760318, 36.031511695784, 31.840346039051184, 34.64630093376, 33.22352179284484, 39.47955195063997, 31.307367687833562, 30.223366277894417, 38.945767887862424, 36.16063057977284, 38.75614195592807, 32.32817882746246, 36.647561228326474, 32.456515732123314, 40.5844903356943, 31.876301985718317, 31.474204408419233, 31.153411638688002, 31.519225653163222, 30.786115584001564, 33.02104271914085, 36.33793357389438, 38.8429260033233, 36.61180251646404, 33.603837497171156, 30.5726409868112, 30.505163177779206, 31.202233477044732, 31.456165769081448, 32.12550121494394, 36.24895699363201, 32.014139802880116, 33.354867902271906, 32.09290822530069, 37.45903946051505, 31.629301279536055, 32.07188572412147, 39.99566263080817, 33.49183412130717, 40.02439660097123, 34.19130717575509, 36.13270382869769, 32.59967028313122, 39.753332561041844, 32.65572616878562, 31.963863945843165, 31.197276573063743, 32.00714254733618, 31.57990869294563, 32.53049859391347, 36.465727227954815, 30.656309842259084, 37.305399246113765, 40.31543278535044, 38.09601528159832, 34.69390258799505, 34.06430134144324, 31.449768459801593, 30.107080399348618, 31.524267680635525, 31.018230092672255, 31.706778846489424, 30.782787733782634, 31.36719226540619, 32.591611195284976, 33.734977456032155, 34.43562247175048, 37.95180557052168, 31.319270581305407, 31.688947463115333, 31.702681122950874, 32.23312471473413], "baseline_power": [0.1887312], "num_seq": 75}