{"median_energy": 37.422799999999995, "avg_energy": 37.58182133333332, "op_energy": [35.6575, 37.411100000000005, 37.22040000000001, 39.54829999999998, 39.30600000000001, 36.95139999999998, 37.50059999999999, 37.422799999999995, 38.64070000000004, 37.02600000000001, 37.53899999999999, 37.21859999999998, 37.12880000000001, 36.43100000000004, 38.584699999999884, 39.02690000000007, 37.27559999999994, 36.00049999999999, 37.48880000000008, 37.29140000000007, 38.30809999999997, 36.02769999999998, 39.72270000000003, 37.89339999999993, 36.84540000000004, 37.334299999999985, 37.03710000000001, 37.655899999999974, 39.06970000000001, 36.7179000000001, 37.73309999999992, 40.299999999999955, 37.08629999999994, 38.16229999999996, 37.58060000000023, 37.47699999999986, 36.1096, 37.49829999999997, 36.85290000000009, 38.28329999999983, 35.65129999999999, 37.471300000000156, 36.3886, 37.31809999999996, 37.561500000000024, 37.4996000000001, 38.3599999999999, 38.75930000000017, 36.58809999999971, 37.95960000000014, 36.7331999999999, 36.87670000000003, 37.870400000000245, 35.80489999999986, 37.07360000000017, 37.25919999999951, 37.19870000000037, 42.62339999999995, 38.8448999999996, 37.78850000000011, 37.41120000000046, 38.62229999999954, 37.24590000000035, 37.57900000000018, 37.08929999999964, 38.758800000000065, 36.79230000000007, 36.85939999999982, 37.43550000000005, 36.875, 37.80229999999983, 37.48690000000033, 37.309400000000096, 38.85579999999982, 36.51689999999962], "comm_energy": [32.74661019043629, 33.5127858404341, 34.16549904078641, 36.015511479195, 36.10329722259791, 34.08195869768647, 33.852840316825905, 34.21706971512257, 35.15659913214726, 33.938067916095726, 34.25579029108952, 33.73081147669591, 34.121734940648665, 33.025079180496476, 34.530304392516356, 36.320155307216986, 33.903728251889, 33.869578348418884, 33.67747767128564, 33.88719770220475, 34.72787577732366, 33.03610960323995, 35.93070875586248, 34.859801284255596, 34.22370229463658, 33.71476293394504, 33.919931469022565, 33.94168160726727, 34.86694837908766, 34.11537835091807, 33.98042456923278, 33.359659305083404, 33.889902532020166, 34.72235618004973, 35.011267397640054, 34.93387701525113, 33.38852700257203, 33.56981580716854, 34.30610682026489, 34.89875836879533, 32.916750872374635, 33.618836508010865, 33.35737153851706, 34.1876336660661, 34.9909716051436, 34.910707288464025, 35.12933808727619, 35.21736756335057, 34.41985789732733, 35.22588812715776, 34.44225774957505, 33.576794550945806, 34.61675584675342, 33.21942375753296, 33.6372194290465, 34.56917003383973, 34.2648531230051, 34.93822929187433, 36.319931086385544, 34.311896380523926, 34.535780760018184, 35.67040223927114, 33.955327173537476, 33.882282714551835, 34.455738510204014, 36.04269432451796, 35.18761978566561, 33.71186811738571, 33.65118468714012, 34.10003704094797, 34.71372960584992, 34.009386878433375, 33.511324541070515, 34.46015685497127, 33.99938419665661], "baseline_power": [0.17727710000000002], "num_seq": 75}