{"median_energy": 43.61180000000013, "avg_energy": 43.87256933333333, "op_energy": [43.7308, 44.2041, 47.44209999999998, 43.06050000000002, 47.530399999999986, 45.13730000000001, 42.7577, 43.76920000000001, 42.96249999999998, 44.050599999999974, 47.20130000000012, 43.18829999999991, 43.33170000000007, 42.890699999999924, 43.95820000000003, 44.294500000000085, 43.88449999999989, 43.455799999999954, 43.48870000000011, 44.208999999999946, 45.02960000000007, 43.8664, 43.917199999999866, 44.64960000000019, 46.94029999999975, 43.94380000000001, 44.5308, 42.63530000000014, 44.268800000000056, 43.50500000000011, 42.74639999999977, 43.22700000000009, 43.85329999999999, 42.28870000000006, 45.4413999999997, 45.47350000000006, 42.8103000000001, 44.38130000000001, 43.00839999999994, 42.46320000000014, 43.598199999999906, 44.15130000000022, 43.59089999999992, 43.085599999999886, 46.60900000000015, 44.24150000000009, 47.20629999999983, 41.99209999999994, 44.277700000000095, 42.84979999999996, 41.91210000000001, 43.1561999999999, 43.92249999999967, 42.94030000000066, 45.05649999999969, 44.716899999999896, 43.61100000000033, 43.26329999999962, 43.61180000000013, 43.698199999999815, 42.597499999999854, 42.91600000000017, 43.43390000000045, 42.90079999999989, 43.81989999999996, 42.3784999999998, 43.146200000000135, 45.34410000000025, 43.40859999999975, 42.70649999999978, 43.425300000000334, 42.55719999999974, 43.91580000000022, 43.13119999999981, 43.74180000000024], "comm_energy": [40.393603452224006, 40.815963248272, 41.00778091140799, 40.484199151440016, 40.34556645108799, 41.07569193334401, 40.596358929120015, 40.778232139039986, 39.933712719951984, 40.47719926857596, 40.32576797129609, 39.41772396859196, 40.53469546470406, 40.08417676574402, 40.325059498848034, 40.539708993088084, 40.776677678304026, 39.85737055886385, 39.805567616191986, 40.69155180488008, 40.354970415888054, 40.292479783392054, 40.12176755652796, 41.02668065448007, 40.59971638929574, 40.1952356661758, 40.57031033414401, 40.09560265185604, 41.034359457392114, 40.50730885068819, 40.22520555761591, 39.775259814976, 40.61590910526402, 40.23566249009622, 42.0021548344797, 42.03458747369593, 40.629735085359854, 40.89972616704013, 40.10427275086403, 40.195046274943856, 40.512283787135836, 40.724797260064115, 40.72006404296, 40.43881297947207, 39.761508299664065, 40.072714298784284, 40.40796512358413, 39.21564898491199, 40.66068550532818, 39.45598865544002, 39.18389272441605, 39.81589987215971, 40.158858906047605, 40.99393585537654, 41.411540916703885, 41.59798507609605, 40.35323137896022, 39.647326663823556, 40.87937462254402, 40.5584477803998, 39.86368049302383, 39.71171758225613, 40.69434852240008, 40.04070507907237, 40.407147705696445, 39.55721436108784, 40.09289515089614, 40.71544957487988, 40.76398432444795, 40.16566186859181, 39.93195436878387, 39.60894746966393, 40.27599267872013, 40.860821945919874, 40.54475297550441], "baseline_power": [0.177552], "num_seq": 75}