{"median_energy": 43.346300000000156, "avg_energy": 43.59778266666667, "op_energy": [41.92819999999999, 43.30620000000002, 43.37219999999998, 44.142300000000006, 42.46119999999999, 42.64510000000001, 44.29480000000001, 47.61149999999998, 43.17689999999999, 42.11899999999997, 47.22980000000007, 44.40559999999999, 43.14459999999997, 43.370000000000005, 43.020599999999945, 43.489700000000084, 42.61329999999998, 43.282499999999914, 43.91470000000015, 42.82429999999988, 43.90960000000007, 45.087099999999964, 42.98070000000007, 43.58870000000002, 42.40239999999994, 43.16280000000006, 44.349699999999984, 42.77119999999991, 43.187799999999925, 43.346300000000156, 43.743999999999915, 43.98260000000005, 45.26389999999992, 43.527000000000044, 43.25689999999986, 43.85200000000009, 43.96049999999991, 43.700900000000274, 43.27509999999984, 51.67100000000005, 44.0322000000001, 42.94619999999986, 42.836300000000165, 42.789999999999964, 43.269199999999955, 43.88169999999991, 46.30120000000011, 41.98289999999997, 43.88819999999987, 43.694400000000314, 43.86209999999983, 44.01940000000013, 42.47550000000001, 42.57569999999987, 43.86339999999973, 41.94790000000057, 43.22199999999975, 43.372699999999895, 42.52970000000005, 44.278099999999995, 43.56489999999985, 42.65610000000015, 42.557000000000244, 42.518499999999676, 43.75030000000015, 43.71299999999974, 43.32079999999996, 42.53659999999991, 43.28839999999991, 43.890499999999975, 43.058100000000195, 42.3108000000002, 43.71600000000035, 42.87639999999965, 44.934799999999996], "comm_energy": [40.4472281240352, 41.13718910483042, 40.6300476622032, 40.86077686562718, 39.91110652390719, 40.288523054761605, 40.90277124008321, 41.01148048261436, 40.188639354220754, 39.71160926458557, 40.328490933764826, 41.06466357142723, 40.2766140308319, 41.042721320155216, 40.0951916381791, 40.27670386284964, 40.785867292948716, 40.210168992750305, 40.52617121196336, 39.80606328188949, 40.45878300074562, 42.01198626862885, 40.211429086552016, 40.82955133222401, 39.542227360163324, 40.269646288070334, 40.968465168585745, 40.36030903154865, 40.69744506860316, 41.21777652100151, 40.46485622980952, 41.08625379810394, 42.20566931331032, 40.20277382793265, 40.68362906933412, 40.94192474034548, 41.268693119531, 40.93875420050237, 40.45162461795202, 40.86677337271842, 41.21506807325596, 40.137455668527984, 40.73500751022892, 39.84728868037775, 40.21771099645298, 40.82016832993446, 43.27474283222743, 40.29825054938377, 40.66158521379509, 40.76980514377473, 41.182170693334555, 41.15471389969967, 40.105787939408295, 39.8182871141331, 40.35326520955366, 39.90765480249144, 40.69538403930749, 40.371731137403245, 39.54130326687225, 40.85426281503369, 41.232459940852706, 39.90848428539843, 40.40021759067682, 39.94182107474878, 40.72715346854411, 40.92641707542847, 40.2203455111872, 40.21027123012635, 41.26194442733068, 40.86536391447648, 39.988371378215554, 40.26266298439514, 39.56532087584344, 39.669308161512056, 41.34541216877748], "baseline_power": [0.17689439999999998], "num_seq": 75}