{"op_energy": [123.2356, 109.62010000000002, 106.91619999999999, 106.5878], "comm_energy": [104.34421806671702, 90.81516461126482, 88.60352277650298, 87.58859162199998], "comp_energy": [0.6507656664825738, 0.5864585938939815, 0.61557118694199, 0.46775420687998626], "baseline_power": [0.8347482000000002, 0.8327747999999999, 0.8366470000000001, 0.85566], "num_seq": 2}