{"avg": 0.02572854435509999, "std": 0.0010765179071866647, "energy": [0.025405642336, 0.024526729536000002, 0.023757159368000037, 0.026375754536000006, 0.02560746116800009, 0.02488600147999982, 0.02408090255999993, 0.02668430152000013, 0.027254420607999996, 0.02436849604000002, 0.027126701015999954, 0.026343484768000212, 0.025665520847999945, 0.024966771224000005, 0.027198379479999767, 0.0269595030479998, 0.027369985728000045, 0.026135100959999956, 0.025575085871999914, 0.02477615179200019, 0.024038956920000097, 0.026774942231999797, 0.026107202232000228, 0.025332665791999963, 0.027171566744000043, 0.026289033947999953, 0.025485033787999968, 0.024680059137999876, 0.023626319112000093, 0.02632119211799987, 0.025440001091999585, 0.02451351316799951, 0.026650010568000017, 0.026052397680000006, 0.025272265424000094, 0.027227607608000116, 0.02711459393200013, 0.026238312044000178, 0.025314377648000173, 0.02442816912800011]}