{"avg": 0.02572920249671899, "std": 0.0010284150633569744, "energy": [0.02614614403287998, 0.02521319928984004, 0.02440319020994003, 0.027104610021379993, 0.026344883216440084, 0.025632380210899808, 0.024721478614799917, 0.027409762966600117, 0.025722880109439995, 0.02486668624112002, 0.02416802671599997, 0.026925484309120208, 0.02625349585631994, 0.025560354400160003, 0.024625200379679923, 0.023998410354719647, 0.027386690374400002, 0.026696593343999965, 0.026142176620799918, 0.025249672432000193, 0.0245310686880001, 0.024408485078399777, 0.02666894652480022, 0.025901042508799967, 0.02432247557352004, 0.026993711680439948, 0.026198390635639956, 0.025292485657239815, 0.02425014380136009, 0.027025504530539868, 0.026155687130759588, 0.02514862604871968, 0.027373332242280002, 0.026780603242799995, 0.026009828353040075, 0.02510218921918004, 0.024313190579500144, 0.026964577275740163, 0.026051448084080164, 0.025105043313380225]}