{"median": 43.283499118621606, "comm_energy": [43.4668434895496, 43.17460257947119, 43.283499118621606, 42.96510333963602, 43.2915248640424], "baseline_power": [0.7206981002566529], "active_power": [0.31005839999999996]}