{"median": 42.02215159775982, "comm_energy": [42.2732341848496, 41.9806380291626, 42.010971291253796, 42.02215159775982, 42.033915589291624], "baseline_power": [0.48201557859137184], "active_power": [0.1072214]}