{"avg": 0.2886674115093332, "std": 0.009770017903362956, "energy": [0.28566312574240005, 0.2991701788979999, 0.2756657545615998, 0.2891828641636, 0.30281541759399977, 0.2795071280963999]}