{"median": 34.470562412457504, "comm_energy": [33.77665636665749, 34.470562412457504, 34.00942205619751, 35.71280638564999, 35.57217190508248], "baseline_power": [0.5067625493623287], "active_power": [0.1069575]}