{"median": 34.19811470633199, "comm_energy": [34.090448116868004, 34.406614412664, 34.19811470633199, 33.902830692588026, 34.5067869342], "baseline_power": [0.7427808122066983], "active_power": [0.307428]}