{"median_energy": 47.04589999999985, "avg_energy": 48.42551066666666, "op_energy": [48.814499999999995, 45.95790000000001, 47.025199999999984, 46.82420000000002, 47.76699999999997, 44.74690000000004, 44.92009999999999, 46.29209999999995, 46.8417, 46.14690000000007, 47.571899999999914, 46.170900000000074, 47.28230000000008, 47.9905, 47.691699999999855, 54.926900000000046, 46.62119999999993, 48.96070000000009, 46.62979999999993, 46.66909999999996, 46.2179000000001, 47.297199999999975, 47.60390000000007, 47.79029999999989, 46.94869999999992, 47.74410000000012, 45.277000000000044, 47.04589999999985, 45.3711000000003, 48.14539999999988, 46.985999999999876, 47.45060000000012, 47.59569999999985, 46.18270000000007, 48.1099999999999, 48.253000000000156, 40.546600000000126, 46.556499999999915, 47.696699999999964, 46.9708999999998, 46.67450000000008, 49.30230000000006, 45.555000000000064, 47.59389999999985, 48.500600000000304, 44.9382999999998, 45.42450000000008, 48.27109999999993, 44.33269999999993, 47.00520000000006, 46.95049999999992, 46.32340000000022, 47.35349999999971, 47.78520000000026, 45.74150000000009, 46.224399999999605, 47.106100000000424, 48.09009999999989, 46.33419999999978, 47.6588999999999, 48.96810000000005, 44.940900000000056, 47.06399999999985, 46.38999999999987, 99.87370000000055, 46.34360000000015, 47.52059999999983, 49.17879999999968, 98.64120000000048, 48.660399999999754, 44.90869999999995, 47.38259999999991, 46.695700000000215, 47.16449999999986, 49.372899999999845], "comm_energy": [44.894373411353996, 44.48614296353001, 43.55720246798399, 42.62428474326202, 44.101877405203986, 43.14449669851003, 42.07947225979601, 42.47787016392592, 43.31428287886998, 42.10948171846807, 44.19677545434392, 43.217864601096025, 43.68672513393004, 43.81165068936613, 43.76248776624192, 43.412841673791945, 43.31782328051186, 42.8566070673101, 43.050714115397945, 44.24480840298789, 43.51984243163395, 43.84774186982793, 44.2301256777321, 44.652236661753996, 42.2376069362197, 43.91653378317798, 42.52023642016418, 43.170988512067964, 42.71699855283016, 44.23735642611415, 43.60092095879578, 44.25104470134209, 44.38734574395779, 43.53037500807415, 44.17052662977577, 44.60025951173005, 36.555646765954044, 43.29864617559622, 44.08376353357605, 43.85414649907384, 43.10125265043795, 44.65198862059402, 44.193892147008086, 43.5859402911318, 45.146062299504095, 42.95459141589378, 42.400205923494084, 44.16525281042562, 42.37642024562568, 43.230995480627925, 43.51263738226022, 42.52852475847403, 43.16098358194765, 44.39728355104649, 42.434378914960185, 42.63777077773958, 43.427721045770035, 43.80282349356036, 44.09882319310178, 43.81359052189542, 44.89686617183971, 43.44490672315199, 44.01895391248547, 43.34339501539154, 96.96810685147634, 42.702609680830605, 43.43761326051007, 45.23667665151579, 96.80929859051228, 44.554831782073855, 43.24415406346402, 43.86197124658385, 43.082656035996266, 43.79941443884588, 46.001064592637675], "baseline_power": [0.177606], "num_seq": 75}