{"avg": 0.01609934941628463, "std": 0.00027374184936492484, "energy": [0.016564291794784004, 0.016044782494655987, 0.01622980683913598, 0.016339435078751997, 0.015850708195615938, 0.016242568856192005, 0.015712248791335995, 0.01590428823034402, 0.016244142298935955, 0.015741325238703974, 0.015775687149696002, 0.016186636339584014, 0.016698481785471956, 0.016416180444415996, 0.016098268716287962, 0.01599431164072399, 0.015852380978887984, 0.016338516119607998, 0.016046185656632007, 0.01568609032525597, 0.016334801652608012, 0.01589419648060802, 0.016205241386015982, 0.01574985126185602, 0.016333307651007965]}