{"avg": 0.01563254650906719, "std": 0.00027207064447115343, "energy": [0.015992386554640005, 0.0154941192044, 0.01565228106855998, 0.015763822987919996, 0.01530302642935994, 0.01577413493120001, 0.015967401230000008, 0.015453796356400002, 0.015775976539599963, 0.015995845955200004, 0.015155377045920005, 0.015534550099680015, 0.016056920273439957, 0.015769306080319997, 0.015481803846079898, 0.015479991040039996, 0.016076523761759994, 0.01582958801368, 0.015532727876720012, 0.015198844575759974, 0.015729090149120006, 0.015299164623679995, 0.01559712501023998, 0.015171975947840019, 0.015727883125119965]}