{"avg": 0.2726614444736665, "std": 0.006948521041326976, "energy": [0.27299401433000003, 0.278201140874, 0.2834598491059999, 0.2620749962819999, 0.26720008549199925, 0.2720385807580001]}