{"avg": 0.11396286391655713, "std": 0.0034660960461294138, "energy": [0.12088849984300004, 0.1170771064229999, 0.11609867056299988, 0.11410328001800019, 0.11254008710750044, 0.11036837563399982, 0.10824377375700028, 0.11569439841599993, 0.10916916010399993, 0.11259273433200001, 0.11679216625199995, 0.11265018803799995, 0.11976352492999995, 0.11597926624599961, 0.11513253291400002, 0.11314552748199988, 0.11065910367400011, 0.1089292227800002, 0.11821763981400008, 0.11745922670400016, 0.11662345888600073, 0.10780957631000002, 0.11496515282100012, 0.11233254703399995, 0.10955590182000016, 0.11796871352399976, 0.11669517700999993, 0.11551064247300011, 0.10852208101999952, 0.11486489140999992, 0.11113356953500003, 0.11834089745499934, 0.1154803546400002, 0.1128312906049998, 0.1105614975049996]}