{"avg": 0.11732139254800292, "std": 0.0034776166704902473, "energy": [0.12211232538660002, 0.12107930419129986, 0.12011940342529989, 0.11779984639675012, 0.11615173373325044, 0.11401738870539979, 0.11193120916670027, 0.11962719221500001, 0.11333325383499993, 0.11668494099250001, 0.12132949304249993, 0.11673316515124996, 0.11336536185249962, 0.12012268692125089, 0.11957521378960001, 0.11710201270479986, 0.11467013425360009, 0.11296723359200017, 0.12258386694960005, 0.12184538194560016, 0.1210268517304007, 0.11192956175600002, 0.11946482781960013, 0.11634540797839996, 0.1136259934320002, 0.12240167550239978, 0.12115087307599992, 0.11999486973480014, 0.1121606875999995, 0.11886418579999991, 0.11472749830000004, 0.11138716320000006, 0.11946156320000018, 0.11639365489999978, 0.1141627768999996]}