{"median_energy": 43.54460000000017, "avg_energy": 43.74679866666667, "op_energy": [43.029100000000014, 42.072299999999984, 43.543700000000015, 43.92969999999997, 44.04340000000005, 43.736899999999935, 44.30090000000001, 42.421100000000024, 42.640499999999975, 43.3245, 42.695700000000045, 43.26410000000004, 45.42769999999996, 44.284400000000005, 42.54469999999992, 42.502000000000066, 42.52980000000002, 43.61699999999996, 46.151800000000094, 44.23919999999987, 43.24170000000004, 45.00120000000004, 43.21379999999988, 43.25330000000008, 44.106199999999944, 43.73569999999995, 44.17970000000014, 43.509399999999914, 45.50260000000026, 45.869799999999714, 43.54460000000017, 45.410399999999754, 43.47010000000023, 45.67049999999995, 42.34879999999998, 43.65519999999992, 45.850200000000086, 43.22849999999994, 43.5797, 43.09740000000011, 44.08349999999996, 44.08120000000008, 42.22769999999991, 42.70839999999998, 45.50529999999981, 42.62620000000038, 43.098399999999856, 42.76579999999967, 43.839400000000296, 43.046100000000024, 48.63359999999966, 43.94670000000042, 43.30179999999973, 43.44730000000027, 43.83859999999959, 43.225700000000415, 44.86409999999978, 42.76660000000038, 45.01059999999961, 43.91430000000037, 43.990499999999884, 44.05679999999984, 42.9996000000001, 44.16210000000001, 42.19450000000006, 43.93969999999945, 42.59010000000035, 43.17290000000003, 43.50770000000011, 44.4413999999997, 43.41910000000007, 43.309400000000096, 44.02839999999969, 44.28910000000042, 42.210000000000036], "comm_energy": [39.817348366270416, 40.016034181092, 40.98746423856401, 40.42941012598878, 40.70073421388085, 40.83157461695197, 41.23419904304718, 39.7104636858168, 39.859328288646374, 40.16699608350796, 39.55732290788562, 40.08046396282962, 42.394189280158486, 41.290594472597704, 40.752260106089544, 39.59057692940156, 39.796863769456124, 40.47076888987433, 42.15146506140895, 40.70348132035514, 40.00150300241758, 41.71184532503519, 40.555480745838416, 40.31476611810468, 40.77505969435119, 41.1665219092855, 41.40250790099934, 41.15483032367264, 42.647312795081106, 42.70669384486223, 40.99834497094974, 42.34771572803425, 40.87965905891292, 42.47683573357601, 39.63519666786, 40.738110076086265, 42.29249141885771, 40.77286074230164, 40.189888975139944, 40.435957218444, 41.1625207312039, 41.612671741084974, 39.54480009860655, 39.74841321638562, 42.607571720150155, 39.99412503433448, 40.00430444635141, 40.096266891410224, 41.18030674541367, 40.01021555587879, 41.639360946963166, 40.99087025016872, 40.63761822242793, 41.36158407204409, 40.703674032142295, 40.75397502240728, 42.05985021352694, 39.78103843163655, 42.594051771789445, 40.908659976415976, 40.686516407045076, 41.058877757204, 39.95392163391419, 41.03355697306871, 39.877994857481504, 40.73870415135673, 39.574997426231455, 40.06704564130854, 39.83038062536838, 40.941955720045826, 40.44232062844598, 40.58438864321995, 40.94472703516609, 41.47348442641276, 39.83955384939272], "baseline_power": [0.1752504], "num_seq": 75}