{"avg": 0.010026855125304, "std": 0.0002502552555491433, "energy": [0.009729764346880004, 0.009769067019519984, 0.00978246326144001, 0.009802103409919986, 0.009796291328000027, 0.009810829518080023, 0.009769163293440028, 0.010106368438080002, 0.010233664900640004, 0.010356237077919994, 0.010447454652320004, 0.009809289982400014, 0.009837074065760048, 0.009901475740000039, 0.009896384912279994, 0.010410949727519991, 0.010180313973319994, 0.010027667857359993, 0.009817885416279976, 0.010315160380480028, 0.010145181775999941, 0.009681870623280003, 0.009862286539919989, 0.010152632302239995, 0.009738651126559996, 0.010097330506079963, 0.010474792993760014, 0.010598304050720016, 0.0101453479784, 0.009822198034559996, 0.010166351036960007, 0.009835898678719996, 0.01023721580607996, 0.009922580168319988, 0.010259678462400034]}