{"avg": 0.01041974133206126, "std": 0.00023175933782784486, "energy": [0.010554802908544002, 0.010592602295775988, 0.01060609812867201, 0.010626823011295987, 0.010619397286400028, 0.010635215355104024, 0.010652723415552026, 0.010442665293312002, 0.010568065200896003, 0.010688815929087991, 0.010059068557567975, 0.01012877479219204, 0.010173251913472028, 0.010241093536000036, 0.010180148726879995, 0.009990697536959995, 0.01048791125072, 0.010337611082559999, 0.01010250351087998, 0.010620905294080031, 0.010453292095999944, 0.010119227183760002, 0.01029482531063999, 0.010622340442079997, 0.010174120327519997, 0.010567913571359965, 0.010937151189920016, 0.01065316444656005, 0.010466528942720004, 0.010119117531647997, 0.010487212093568008, 0.010132365790975997, 0.01055730211686396, 0.010218031622655988, 0.010579178929920031]}