{"median": 25.58922482388801, "comm_energy": [25.562193688359997, 26.701237200408006, 25.982297300055986, 25.431417594096004, 25.58922482388801], "baseline_power": [0.5263805933502063], "active_power": [0.10791200000000001]}