{"median": 26.4842102379, "comm_energy": [26.4842102379, 26.573678506479997, 27.817506151960007, 25.441417628740002, 26.294212880460012], "baseline_power": [0.7599860372059146], "active_power": [0.30413999999999997]}