{"w": 2.3146337943685685e-05, "b": -0.00011196445618635433}