{"w": 2.250782192036811e-05, "b": -1.2759359246778978e-05}