{"w": 0.0005111043938061495, "b": -0.0107650603098373}