{"w": 0.00053562523896015, "b": -0.01419442470122451}