{"w": 0.0004232713632110926, "b": -0.02528109683192283}