{"comm_energy": [38.766783135375995, 37.41325163488501, 36.139231961276], "baseline_power": [1.43541121971348, 1.4866023195403193, 1.4808505064768978]}