{"median_energy": 37.80880000000002, "avg_energy": 37.91681466666667, "op_energy": [36.7137, 38.71640000000001, 39.4246, 38.65739999999997, 38.258500000000026, 41.22149999999999, 39.628600000000006, 38.37419999999997, 36.906000000000006, 41.259900000000016, 37.965400000000045, 36.38900000000001, 38.470500000000015, 37.29169999999988, 37.11149999999998, 37.524900000000116, 39.115999999999985, 37.30459999999994, 38.441100000000006, 39.04010000000005, 39.59780000000001, 36.32069999999999, 37.906600000000026, 37.64659999999992, 37.73519999999996, 37.93280000000004, 39.10680000000002, 38.003400000000056, 36.628999999999905, 37.80880000000002, 38.19860000000017, 36.74019999999996, 37.513999999999896, 38.589500000000044, 38.150699999999915, 36.6271999999999, 37.72560000000021, 38.21530000000007, 37.87049999999999, 36.92729999999983, 37.91560000000004, 36.80219999999986, 38.48520000000008, 37.36609999999996, 37.03250000000003, 37.42860000000019, 37.56549999999993, 37.24790000000007, 37.09999999999991, 37.061100000000124, 38.36879999999974, 37.82349999999997, 37.88140000000021, 37.21429999999987, 37.832800000000134, 36.372499999999945, 36.4699999999998, 38.01960000000008, 37.40129999999999, 37.54399999999987, 37.62840000000051, 36.839500000000044, 36.566499999999905, 37.97059999999965, 38.01030000000037, 36.781199999999444, 37.526700000000346, 38.42970000000014, 37.88909999999987, 37.77109999999993, 41.86259999999993, 40.77310000000034, 37.63189999999986, 37.32349999999997, 38.761799999999766], "comm_energy": [33.6385628483098, 35.66644456285502, 36.36610437236701, 35.712060857363575, 34.77657659959922, 34.3683595305874, 36.38698591503422, 34.80427970185253, 33.77606223152621, 34.325451131207785, 34.918452039993234, 34.062821649387075, 35.77565817887366, 34.474985047735366, 33.9437107689053, 34.58921359379521, 36.33072964968368, 34.42620440081103, 35.253654625751146, 36.19198938948766, 36.599439458558265, 33.59459754026562, 34.56580658382059, 34.871231904410195, 34.8307638735826, 34.98510575246118, 36.521710394569205, 35.19636618583617, 33.855620683968, 35.49291479190269, 34.767538209014624, 33.81175974392026, 35.31530993643022, 34.90452799547784, 34.67705293302454, 33.860534067329645, 35.03722815319747, 34.88681217718928, 35.249299780516004, 34.58297389996696, 34.811079194254475, 33.656513254279574, 35.00625038903942, 34.911248033067594, 33.934208818457236, 34.751583451024715, 34.35806701700458, 34.36027589483591, 34.64742005806445, 34.15174073361224, 34.68979755228753, 35.193264967511155, 34.26426596258544, 34.52876745279016, 34.717356966353, 34.07066691477097, 33.57435694836748, 34.59226280481409, 33.98003684591729, 34.70341795774174, 35.147538316989426, 34.39555425750631, 34.06380679989672, 35.089615626386525, 34.722828126921534, 33.610317042004034, 34.14689288167224, 37.38171056501373, 34.843292318779284, 34.242125692026384, 35.20541206778089, 34.34473756190549, 34.623488218613154, 33.623738050274284, 35.44830320825342], "baseline_power": [0.1769482], "num_seq": 75}