{"median": 31.07941012650241, "comm_energy": [30.1728123329152, 31.340238413555184, 30.819953385747198, 31.07941012650241, 31.22317465830399], "baseline_power": [0.7492821292733955], "active_power": [0.3077568]}