{"median": 30.942264672967998, "comm_energy": [30.942264672967998, 31.110787417691796, 31.175324652792, 29.962348761976415, 29.981097298259385], "baseline_power": [0.5236020147015982], "active_power": [0.10590580000000001]}