{"comm_energy": [30.7958308374964, 31.010245913695996, 31.7618614944174], "baseline_power": [1.4745279343889828, 1.5098657534892928, 1.4740123248207246]}