{"comm_energy": [47.593723001026994, 48.139758235289804, 47.46295978988], "baseline_power": [1.4473826889458317, 1.4352939058882983, 1.409959278854711]}