{"op_energy": [51.930099999999996, 50.077600000000004, 52.66929999999998, 52.71090000000004, 49.57550000000001, 49.64909999999999, 51.57709999999997, 48.3005, 49.2745, 50.144800000000004, 48.1288, 50.9066], "comm_energy": [46.563230714305, 45.211250609574, 47.44454377001099, 47.13296931721202, 44.39155604521361, 44.0432663281992, 45.40177414954558, 45.23380792169678, 45.7452269810048, 44.338623940884005, 43.78374880295401, 45.34688939490479], "baseline_power": [0.445253, 0.4462388, 0.4462388], "num_seq": 4}