{"op_energy": [50.1184, 50.523399999999995, 51.16809999999998, 50.21350000000001], "comm_energy": [44.724450620736, 44.67508250655999, 45.68042749708799, 44.77168718825601], "baseline_power": [0.532656], "num_seq": 4}