{"energy": [67.02680000000001, 68.9922, 67.6634, 68.82239999999999, 69.5274], "avg": 68.40644}