{"avg": 0.19641561050871417, "std": 0.007342851501538461, "energy": [0.19774996870429992, 0.1856356628734001, 0.2010799825770999, 0.18857836847109963, 0.20395107546929953, 0.19165799421139987, 0.2062562212544001]}