{"median": 40.13803231119431, "comm_energy": [39.44874477582629, 40.239036446774996, 41.8203225058793, 39.181119210011495, 40.13803231119431], "baseline_power": [0.7264965757169575], "active_power": [0.30864929999999996]}