{"median": 40.032289556270996, "comm_energy": [41.508951106481, 38.934491787755, 39.13989861589901, 40.032289556270996, 40.29815054054799], "baseline_power": [0.49220059947079076], "active_power": [0.10955700000000002]}