{"median": 45.69705005809999, "comm_energy": [46.130664266055994, 45.20195573035761, 45.69705005809999, 47.15319404170399, 45.317125941452005], "baseline_power": [0.7103269513892168], "active_power": [0.3094008]}