{"median_energy": 48.126399999999876, "avg_energy": 49.27272666666667, "op_energy": [46.40260000000001, 49.1593, 48.16679999999998, 48.04880000000003, 46.947899999999976, 48.05599999999998, 49.06690000000003, 47.488999999999976, 49.925599999999974, 45.85960000000006, 48.71479999999997, 47.45359999999994, 48.721500000000106, 48.041999999999916, 47.377000000000066, 49.5453, 48.24919999999997, 48.519000000000005, 46.079700000000116, 48.80049999999994, 49.14689999999996, 49.32940000000008, 48.75369999999998, 47.666099999999915, 47.641999999999825, 48.633600000000115, 46.49150000000009, 52.815200000000004, 100.9556, 47.221000000000004, 47.562599999999975, 48.13890000000015, 47.73819999999978, 48.126399999999876, 48.208300000000236, 48.746799999999894, 47.97050000000013, 47.45849999999996, 48.280899999999974, 48.45939999999996, 47.58970000000022, 48.229399999999714, 48.19010000000026, 47.36270000000013, 48.19250000000011, 47.66519999999946, 48.07690000000002, 47.89340000000038, 46.80219999999963, 47.141200000000026, 48.25890000000027, 47.35699999999997, 49.259399999999914, 47.38099999999986, 48.3139000000001, 46.86979999999994, 48.24010000000044, 28.530399999999645, 99.57669999999962, 49.54110000000037, 48.44459999999981, 48.57860000000028, 47.436699999999746, 47.628000000000156, 47.83840000000009, 48.575099999999566, 52.778999999999996, 47.44220000000041, 49.22739999999976, 48.45430000000033, 47.848599999999806, 47.159400000000005, 49.760299999999916, 47.002500000000055, 46.837200000000394], "comm_energy": [44.9443788832168, 45.647184259539195, 44.43954353088398, 45.22668132182002, 44.001775436886376, 44.6102992337728, 46.27385664213037, 44.29798589531356, 46.46616092263515, 43.72565065546081, 44.750076182348806, 43.741101289508, 45.088316703450424, 44.604537444294294, 44.95347763302723, 45.57299853373116, 45.448949599978384, 45.17751446361599, 43.946650275514465, 44.877130787140025, 45.52546269813913, 45.91785545418804, 46.375000304477844, 45.255570343272765, 43.915993321411825, 45.85912669918562, 43.593870032112804, 45.69613037229192, 97.15642466500705, 44.76408678901125, 44.67459868400722, 44.6700756134843, 44.84425951798466, 44.250774245639704, 45.50142153301757, 45.78911310721918, 44.12521177086405, 43.723644611281685, 44.82623221856889, 44.514853262422314, 44.12813464481704, 44.570601657071634, 44.947801895179495, 43.66931936205136, 44.955084323711475, 44.24511043783986, 44.34828792800388, 44.773019552554196, 44.58817689518983, 44.4977699391417, 44.78895734059516, 43.63722658082801, 45.37674961055209, 44.89144559874227, 45.52198158575038, 43.691902211158556, 44.348509415887605, 25.69916672618783, 96.64148438084517, 45.16532218729069, 45.35987433472711, 46.46390292212909, 43.70862314340547, 43.59819768603455, 44.308161610143834, 44.37955934565311, 45.20095134861488, 45.00032768076884, 45.36957214834074, 45.70528134848984, 45.06409657496719, 44.7418409844154, 46.35629833362499, 44.799398467866354, 44.41751668525263], "baseline_power": [0.1778808], "num_seq": 75}