{"comm_w": 0.03267565658552429, "comm_b": 24.667066691328735, "base_w": -8.91356806734772e-05, "base_b": 0.7678698661935537, "train_comm_error": 0.462497218544037, "train_base_error": 0.003991337416332625, "val_comm_error": 0.7295530948329713, "val_base_error": 0.009212968690056878}