{"median": 41.438303180940004, "comm_energy": [41.02619887125199, 41.438303180940004, 41.830175131176, 41.287789484844, 41.579827880147995], "baseline_power": [0.4864535405039257], "active_power": [0.106596]}