{"median_energy": 37.313500000000005, "avg_energy": 37.382516, "op_energy": [38.3679, 37.313500000000005, 36.00680000000001, 40.56439999999998, 38.131399999999985, 36.56020000000004, 36.17599999999996, 36.95010000000002, 38.427099999999996, 35.94560000000001, 35.651099999999985, 37.39190000000002, 37.6816, 37.0059, 36.47769999999991, 38.76800000000003, 35.678499999999985, 37.68050000000005, 37.282100000000014, 36.64729999999997, 36.545400000000086, 37.027299999999855, 37.28399999999999, 42.75770000000011, 37.66859999999997, 35.944099999999935, 37.68020000000013, 37.77080000000001, 37.889000000000124, 36.9400999999998, 37.63830000000007, 39.214500000000044, 37.87389999999982, 37.93380000000002, 37.23660000000018, 37.63739999999984, 37.137699999999995, 37.322400000000016, 36.659200000000055, 37.635099999999966, 36.981700000000046, 36.015499999999975, 36.72569999999996, 37.455999999999904, 37.35419999999999, 36.01480000000015, 37.758600000000115, 35.52679999999987, 36.22460000000001, 37.62439999999992, 38.0322000000001, 35.662599999999884, 38.22590000000014, 35.35089999999991, 37.66149999999993, 35.55339999999978, 37.815900000000056, 40.77130000000034, 43.04599999999982, 36.252100000000155, 37.44990000000007, 38.10699999999997, 37.71900000000005, 36.773499999999785, 36.4679000000001, 37.92470000000003, 39.68820000000005, 35.866599999999835, 38.6873999999998, 36.61610000000019, 37.669700000000375, 36.30249999999978, 36.43190000000004, 36.72640000000001, 36.70010000000002], "comm_energy": [35.095240322447495, 34.447981864259006, 33.30638719215282, 33.176220907882815, 34.47619346275666, 33.79744360023161, 33.95138100067078, 33.682312335976206, 34.90115055631539, 34.09378125248721, 33.16254466708357, 34.13774870099458, 33.98159411786247, 33.18950665785422, 33.214091962662145, 34.80412875030319, 33.09336944406507, 33.9106493447414, 34.196642228904906, 34.18445499939392, 33.10758608049418, 33.81122865296663, 34.04751075047861, 35.56522462748173, 34.64844102990601, 32.98123774637206, 33.94046762499661, 34.36019163322743, 34.476985367652475, 34.37846582028113, 33.71215447446742, 35.8075872399719, 34.80099354891143, 35.8557467393797, 33.893658801127465, 33.91018684919595, 34.81163350645965, 33.782339694080136, 34.37587957529286, 34.08348435796173, 33.78963646751229, 33.01828831617858, 32.888529199920896, 33.83252419955538, 34.724347078297775, 33.54608544140942, 34.60305111233735, 32.84157211669464, 32.962174169847486, 34.20181817272681, 34.95493827844181, 32.97972946268042, 34.51182176956459, 32.91177418247129, 33.94834961469297, 33.109550829633264, 34.128306250690564, 34.145666142219106, 35.476217069414965, 33.50828554675686, 33.11895148252778, 34.29664505840327, 34.435983613016596, 33.6156385545948, 33.96723357372755, 33.447291327982974, 36.470801673076195, 33.117902798849585, 35.0212640020922, 34.56146716813838, 33.76181737622961, 33.44199622942331, 34.3243566144962, 33.19937860867972, 33.396784566670235], "baseline_power": [0.17727710000000002], "num_seq": 75}