{"median_energy": 48.328700000000026, "avg_energy": 50.929398666666664, "op_energy": [47.3252, 49.0475, 47.899699999999996, 48.91550000000001, 46.90359999999998, 47.66190000000006, 48.60429999999997, 46.92149999999998, 48.3809, 47.5881, 48.256200000000035, 49.147699999999986, 47.78899999999999, 47.483499999999935, 43.97109999999998, 99.32940000000008, 48.328700000000026, 47.63959999999997, 46.260900000000106, 47.9921999999998, 48.849100000000135, 45.89229999999998, 48.94380000000001, 52.32099999999991, 99.79960000000005, 48.56899999999996, 49.897899999999936, 48.07030000000009, 48.72620000000006, 48.04809999999998, 47.968200000000024, 47.235999999999876, 48.18669999999997, 47.104100000000244, 47.34569999999985, 47.64319999999998, 48.32210000000009, 48.24350000000004, 49.376399999999876, 44.95440000000008, 48.26689999999985, 47.496700000000146, 50.134900000000016, 48.421499999999924, 48.420500000000175, 48.780199999999695, 99.98860000000013, 48.5018, 48.66969999999992, 47.21720000000005, 48.50689999999986, 48.99530000000004, 48.38590000000022, 52.48729999999978, 47.76860000000033, 50.411699999999655, 49.76580000000013, 47.85699999999997, 47.071100000000115, 46.10390000000007, 47.73919999999953, 48.97950000000037, 49.22890000000007, 46.514500000000226, 48.34469999999965, 48.5613000000003, 47.68379999999979, 48.91029999999955, 48.64820000000054, 48.959100000000035, 48.68010000000004, 47.03769999999986, 48.95960000000014, 47.511899999999514, 99.7505000000001], "comm_energy": [45.199590476468806, 46.6587355994824, 46.537335138330405, 46.13425987519522, 44.90659675233918, 45.21406421564647, 45.879781480091964, 45.19579987511678, 46.09087730576082, 45.469291954013606, 46.127366677214475, 47.31050126126235, 45.72921332437437, 46.178061977471174, 40.92523386103903, 97.67065255872559, 46.1287110373944, 45.291714518476766, 43.907572082275266, 45.999728258359944, 46.61959164881122, 44.07579894430489, 46.5806735418241, 46.44891521846963, 97.41112100375136, 46.08911928912961, 47.57718611577111, 45.82902551810075, 46.347929255047305, 45.49529838368481, 47.02342078736018, 44.95157578210064, 45.586521355900054, 45.37650355195936, 45.06755378740059, 45.491027718574315, 46.264435858664115, 45.90192970382584, 46.91084330776242, 43.35360537852405, 46.04438591815261, 45.48325344180702, 47.238601869416556, 46.293443376272926, 45.660865257273166, 45.99720047319506, 97.67434423505344, 45.4256271881748, 46.25409171805825, 44.48939381089342, 46.433761924949536, 46.401361820933175, 46.12771203881821, 45.24599479916692, 45.23867708594317, 47.300339058365374, 47.923920332465485, 45.628826551658285, 45.287996196855254, 43.55039333526682, 45.16352810637011, 46.56507308521995, 46.77550399130427, 45.41881020345566, 46.06102176976085, 46.302872349918005, 45.21322355460979, 46.3397336482631, 46.30005038827718, 46.159263861788254, 46.49336152287478, 46.03802601965132, 46.55950342926509, 45.16732252080876, 97.8198695386544], "baseline_power": [0.1772232], "num_seq": 75}