{"median_energy": 48.139149999999916, "avg_energy": 53.12197933333333, "op_energy": [46.623999999999995, 48.09660000000001, 47.7816, 52.44439999999997, 48.44210000000004, 48.283000000000015, 100.37279999999998, 46.48539999999997, 48.136999999999944, 46.96210000000008, 50.445299999999975, 46.253600000000006, 47.105500000000006, 47.711900000000014, 101.18499999999995, 48.899, 47.89620000000002, 48.355800000000045, 48.351299999999924, 51.65020000000004, 49.46460000000002, 50.052799999999934, 47.13779999999997, 47.58570000000009, 48.58840000000009, 99.69849999999997, 49.19579999999996, 47.752500000000055, 48.22659999999996, 50.45879999999988, 48.427000000000135, 47.46160000000009, 100.82849999999985, 47.256000000000085, 48.71640000000002, 46.86079999999993, 49.971000000000004, 49.36109999999985, 51.57290000000012, 48.46759999999995, 47.66520000000037, 47.49439999999959, 48.290500000000065, 48.08239999999978, 48.12780000000066, 47.236399999999776, 48.66300000000001, 49.242499999999836, 47.42269999999962, 49.46430000000055, 99.5048999999999, 47.38599999999997, 48.5951, 48.06529999999975, 47.5920000000001, 53.96270000000004, 45.783600000000206, 47.88269999999966, 54.31800000000021, 46.828500000000076, 50.3788999999997, 45.706800000000385, 101.83119999999963, 46.58040000000028, 47.60600000000022, 47.28619999999955, 51.46270000000004, 47.39860000000044, 48.80179999999973, 46.710099999999784, 48.85089999999991, 100.04539999999997, 47.108000000000175, 49.14170000000013, 47.90990000000011, 48.957499999999996, 47.499700000000004, 48.047099999999986, 46.56049999999999, 100.6857, 103.85940000000005, 47.601099999999974, 48.42840000000001, 48.13969999999995, 48.186000000000035, 48.1001, 47.095500000000015, 46.89869999999996, 49.17420000000004, 47.552400000000034, 48.13859999999988, 99.41740000000004, 47.90090000000009, 48.33179999999993, 46.4846, 48.09789999999998, 48.4996000000001, 99.04219999999987, 48.6418000000001, 47.763099999999895, 47.630300000000034, 48.22440000000006, 48.10370000000012, 48.19759999999974, 48.14499999999998, 99.60720000000015, 47.85270000000014, 49.35269999999991, 49.95080000000007, 47.143299999999954, 48.634199999999964, 49.72180000000026, 46.935399999999845, 48.17039999999952, 48.75880000000052, 48.24969999999985, 47.85480000000007, 47.78319999999985, 49.659599999999955, 48.415899999999965, 47.26920000000018, 47.77079999999978, 47.49770000000035, 47.055799999999635, 47.63959999999997, 48.4971000000005, 47.53839999999991, 47.552999999999884, 100.95409999999993, 47.771600000000035, 49.034400000000005, 46.74189999999999, 49.246799999999894, 47.62940000000026, 101.55949999999984, 47.20980000000009, 48.55889999999954, 48.000700000000506, 46.98819999999978, 47.79740000000038, 48.22350000000006, 47.837699999999586, 48.021600000000035, 47.76920000000018, 49.13619999999992, 48.94579999999996, 47.20040000000017, 48.42289999999957, 48.289900000000216, 47.646200000000135], "comm_energy": [44.69998939117129, 45.32079405022161, 44.42780285953, 44.70318615470615, 45.92089831416462, 44.37794832753124, 97.23740927843701, 43.869895737537206, 44.234669584531204, 43.742373543156866, 46.62824377684357, 43.7697200064414, 43.64956886936735, 43.98771664795393, 97.44688312371893, 45.76667695264371, 44.18284287621684, 45.02090038895841, 45.281039143594604, 44.156791891554654, 44.98271024757334, 46.018173276389405, 43.574625532388474, 44.005727984155605, 44.76137122580714, 96.38258518147508, 45.35927761148626, 44.53904286557249, 44.83017375685004, 46.71994937782453, 45.12278752709309, 44.92588491746168, 97.51783753540766, 44.48856036772123, 45.384485389036236, 43.753823731936535, 46.0336189827972, 45.222785441254366, 44.61682135542687, 44.616444102817205, 45.51635624987296, 44.318583455200184, 45.7037163649038, 45.435998986535836, 45.94251369520163, 43.99775445718013, 44.650416389123684, 45.2985313015624, 44.324795884263985, 45.53108334526439, 96.62773971892679, 44.20359221103392, 44.91304845961166, 44.488747109630744, 44.86252088141468, 46.07296512947889, 43.68064589173087, 45.228314254891394, 46.15194635017733, 45.071511786757355, 46.31143057439636, 43.545484889370314, 97.93962786298049, 44.34193810939894, 44.31281583466268, 44.45934810621733, 44.669823203407574, 43.65037065575093, 45.177405559621825, 43.99511584413468, 45.427399650160304, 97.13569855368823, 44.044508542987856, 45.695770620849046, 44.73069210601128, 45.27223161445399, 44.68076999597871, 44.352020074617684, 44.08985994490847, 97.17310449677848, 97.19949604156281, 44.49018561929988, 44.41611681542969, 44.906718204142265, 44.47391811651973, 45.608550000593056, 44.33523745730666, 43.94591098076624, 45.102700686294156, 44.04539190921487, 45.18535997251328, 96.35292179601493, 44.379617890984385, 45.521368723192445, 43.586620079537205, 44.62979037612112, 44.612375170142, 96.37060791499451, 44.99619049502339, 44.423043322378746, 44.90232983578175, 44.852831098607645, 44.30980135109709, 44.62536063908731, 44.224791691069086, 96.42481611844698, 44.203965821490215, 46.02339492236901, 46.12534190441213, 44.9382172068771, 44.59797751401874, 46.687383131741335, 43.9625568920125, 44.72626245549682, 45.00817671427945, 44.637554069298446, 44.85796627754166, 44.277900847853374, 46.11086900152823, 44.470518442564185, 44.26664402297596, 44.9336265619363, 43.849649059104465, 43.77760563428326, 43.83325566612458, 44.97747358670785, 43.86364513202679, 44.07044863037495, 97.29661693176135, 44.738918665690264, 45.40236804349927, 43.916075546748864, 46.02455895955796, 43.827083880380215, 97.92282085609598, 44.58724352964257, 45.581435019621786, 45.18193595251683, 44.82479762000612, 45.60825866415582, 44.13939195571921, 44.42024325984029, 44.81624814741777, 45.88817490972313, 45.2521702389867, 46.215400401712515, 43.91521951129585, 44.68970843535515, 45.60297176652235, 43.89961924343659], "baseline_power": [0.1779349, 0.1778267], "num_seq": 75}