{"median_energy": 42.307000000000016, "avg_energy": 42.62239466666667, "op_energy": [41.727, 42.192800000000005, 45.95159999999997, 47.99740000000003, 42.3955, 42.3219, 48.049199999999985, 40.4683, 42.627800000000036, 41.86519999999996, 42.46610000000004, 44.824799999999925, 41.50380000000007, 43.05129999999997, 42.307000000000016, 42.63880000000006, 42.33699999999999, 42.92819999999995, 43.4457000000001, 44.62069999999994, 41.28919999999994, 42.69479999999999, 41.293699999999944, 47.35919999999999, 42.07180000000017, 43.60669999999982, 41.03190000000018, 41.56529999999998, 41.45439999999985, 42.74790000000007, 42.01749999999993, 41.377500000000055, 43.3887000000002, 42.44959999999992, 41.13979999999992, 43.80380000000014, 41.19619999999986, 43.28870000000006, 42.795900000000074, 45.42459999999983, 40.22330000000011, 44.55230000000006, 42.10519999999997, 44.9393, 41.57030000000009, 41.69749999999999, 41.885699999999815, 41.48260000000005, 42.00669999999991, 43.93660000000045, 40.70469999999932, 42.07080000000042, 42.01559999999972, 41.95510000000013, 42.29639999999972, 40.87640000000056, 43.06029999999964, 43.4667000000004, 40.981799999999566, 42.75970000000052, 41.741399999999885, 41.05889999999954, 44.263800000000174, 42.41940000000022, 42.32269999999971, 41.9068000000002, 43.639900000000125, 42.02059999999983, 42.141000000000076, 44.41809999999987, 39.319800000000214, 42.37679999999955, 41.85350000000017, 42.091899999999896, 42.800700000000234], "comm_energy": [37.634180611582, 37.970079174666594, 42.07630356198318, 43.310886694541516, 41.07532572001909, 38.957138970079406, 39.13628373161679, 37.97081833319454, 38.61335532241143, 38.638928483058095, 39.35617792253493, 40.06650783724107, 38.499792780959346, 38.07097648219516, 38.835611089495714, 38.10422689986269, 38.37728535061698, 39.37464678099635, 40.71502479507987, 41.18575356421205, 38.36387665007185, 39.33886971637983, 38.93778886287426, 39.08280265963574, 38.415505031502164, 39.48512655796861, 37.47587565055436, 37.688689847829814, 37.91210514959826, 38.402558681577666, 39.56200901952204, 37.651902849387554, 39.25868260047443, 39.31201009470576, 38.212469183840184, 40.60514148754721, 37.79499426039757, 38.915479794010295, 38.86988564187417, 41.91329237438939, 39.22149984487211, 40.862149799395276, 38.86619220612058, 40.50759429195122, 40.07910449936372, 38.40445614819028, 38.483200887860825, 38.165378991995695, 37.773122808578634, 39.79422649930239, 37.6243601924934, 38.059412828397036, 38.45355938970734, 38.14003999548224, 39.506354211423066, 37.55251242387281, 38.47071396634991, 39.01519148251816, 37.60883183929346, 39.515944625754344, 39.447564366609335, 38.06215905571278, 40.98638939419513, 39.65131937604436, 38.803677979535486, 38.47842633909255, 39.77225001137637, 39.41041940774579, 38.73660535508492, 40.56622562017101, 37.976044321116056, 39.50126777370452, 38.66639599375288, 38.7703181012365, 39.603168948858816], "baseline_power": [0.1779349], "num_seq": 75}