{"avg": 1.5125307657023679e-05, "std": 6.287452155365932e-06, "energy": [1.9438289420000006e-05, 6.821060369999868e-06, 1.3786717600000053e-05, 2.0090959790000446e-05, 6.023076710000325e-06, 1.2975848199999155e-05, 1.99057317799991e-05, 6.349643160000098e-06, 1.273656223000004e-05, 2.3256522863000006e-05, 2.329452912100005e-05, 1.573950880399981e-05, 2.133678201400002e-05, 4.8575530430003125e-06, 7.385204115000085e-06, 2.3335842929998936e-05, 1.5572765842999812e-05, 2.4121815584999982e-05, 2.0584003115000026e-05, 1.7662828049999884e-05, 2.040056695999995e-05, 2.359926896000024e-05, 2.080979097000066e-05, 5.554031805000081e-06, 1.122223608499906e-05, 1.3759926650000046e-05, 2.090614234000006e-05, 8.980548889999621e-06, 1.6836607169999587e-05, 5.017923770000321e-06, 1.399841203999981e-05, 2.3684815469999814e-05, 1.175443636000005e-05, 1.978118317999823e-05, 1.929207123799999e-05, 7.545822936000091e-06, 1.751521138200002e-05, 6.877891914000081e-06, 1.5977144164000006e-05, 4.091005711999426e-06, 1.2094656130000034e-05, 2.0287982725999105e-05]}