{"avg": 1.3792861661709445e-05, "std": 5.622395923790681e-06, "energy": [2.0382789909799997e-05, 7.909836090299855e-06, 1.4795333944000038e-05, 2.102749190010045e-05, 7.120374034900317e-06, 1.399436435799914e-05, 2.0844525318199096e-05, 7.4441743604000824e-06, 1.3757999803700044e-05, 6.638747345999993e-06, 1.1845250931200077e-05, 1.682019062559982e-05, 2.2286352458799952e-05, 6.07582098520032e-06, 8.570986886000095e-06, 1.2596858980799624e-05, 1.665567890519981e-05, 2.1822228348000003e-05, 1.007919685200008e-05, 1.8194945762000022e-05, 6.872659726000083e-06, 1.5091025889999166e-05, 2.1944132916000657e-05, 6.902387354000089e-06, 1.247747671200028e-05, 1.473372858900003e-05, 2.1850173363600218e-05, 1.0007070467399612e-05, 1.7775375332199584e-05, 6.0875522882003204e-06, 1.4969407146399813e-05, 3.981525771200562e-06, 1.275066479760005e-05, 2.0687649298798223e-05, 2.0506430693600003e-05, 8.93168329920009e-06, 1.875427637040003e-05, 8.274217120800093e-06, 1.740792388560046e-05, 5.52942784639944e-06, 1.3415514436000046e-05, 2.1486738687199107e-05]}