{"median": 40.9339933455, "comm_energy": [41.979859912756005, 40.65983921112801, 40.909468805279985, 41.868752724200014, 40.9339933455], "baseline_power": [0.7216870074666737], "active_power": [0.307428]}