{"median_energy": 37.31899999999996, "avg_energy": 37.284816000000006, "op_energy": [37.4811, 37.3921, 36.8888, 37.7757, 36.976200000000006, 36.463300000000004, 37.737599999999986, 37.3254, 37.08540000000005, 37.79139999999995, 37.07819999999998, 37.52490000000006, 37.54899999999998, 37.88470000000001, 36.61559999999997, 37.38040000000001, 37.62859999999989, 36.52240000000006, 36.4905, 38.56060000000002, 37.82630000000006, 37.91999999999996, 37.16660000000002, 37.27859999999998, 36.813600000000065, 37.50109999999995, 37.32710000000009, 36.52759999999989, 36.80309999999986, 37.60419999999999, 37.998900000000276, 37.31119999999987, 36.37560000000008, 36.603200000000015, 36.53409999999985, 37.455799999999954, 36.69820000000004, 36.422000000000025, 36.99209999999994, 38.46950000000015, 37.387100000000146, 37.31899999999996, 37.629599999999755, 37.511400000000094, 36.15499999999997, 37.18709999999987, 36.262699999999995, 36.57540000000017, 37.396799999999985, 36.35329999999999, 36.96849999999995, 38.13329999999996, 36.86400000000003, 36.993999999999915, 39.05300000000011, 36.20809999999983, 36.372499999999945, 39.14200000000028, 38.292599999999766, 37.5595000000003, 36.47510000000011, 37.873899999999594, 36.745400000000245, 36.88749999999982, 36.50160000000005, 38.07280000000037, 37.522399999999834, 36.49039999999968, 40.526900000000296, 37.84780000000001, 37.460299999999734, 37.96199999999999, 36.23600000000033, 37.80879999999979, 36.80470000000014], "comm_energy": [34.593935425766496, 34.42519665349789, 33.881539439672004, 34.6807229878167, 34.36306623312462, 33.87171716967189, 34.74630786803979, 34.68605307820578, 34.541193485888165, 34.44433596831781, 34.649415703669966, 34.69157451570916, 35.075213162121806, 34.94002558415147, 33.75663489894982, 34.053371859581986, 34.7468384963368, 33.83308200885937, 33.57705230022554, 35.91856552485577, 34.50787837314568, 34.577804065798894, 34.118561952721635, 33.9433072791787, 33.92958926261654, 34.96500625602773, 34.69389952742167, 33.83772562225442, 34.103009417868186, 34.70148668855708, 35.691754443512, 34.08985106928997, 34.06738944217084, 33.76115442020339, 33.679159957288164, 34.79866300797431, 33.84745657300783, 33.77094760826392, 34.013021688881814, 36.291249699787464, 34.714763160656524, 34.66465163186488, 35.0778395858128, 35.04854807956844, 33.91392586845831, 34.774701100697854, 33.632342541943444, 34.0870503012287, 34.50108990838532, 34.01622738631577, 34.04547805560221, 35.16772501454202, 33.78836160505863, 33.74400405520078, 36.102057385573815, 33.58668484765716, 33.48236683465823, 36.39697116831271, 35.2662681504074, 35.25616505692917, 33.6007816642206, 35.120616817226036, 34.02551606855628, 35.34127857236085, 33.64579833729594, 34.90252814621668, 34.9168889641945, 33.811101040859064, 34.511878098395044, 34.972244649611284, 34.63875966477452, 34.78304729514022, 33.67257758461391, 34.73905217450903, 33.65834537014408], "baseline_power": [0.1779349], "num_seq": 75}