{"op_energy": [48.010500000000015, 49.15159999999999, 46.0908, 49.03529999999998, 49.2992, 49.08529999999999, 47.414100000000005, 50.24170000000001, 47.44480000000001, 49.2264, 49.481700000000004, 48.172], "comm_energy": [42.64477634329801, 43.886855424502, 43.61981989346951, 43.443681955052476, 43.656976493916794, 44.8269277573368, 43.02295515344081, 44.554970659396, 43.06494664196101, 43.565345987793, 44.336784607812014, 43.16343513369498], "baseline_power": [0.4486755, 0.45083919999999994, 0.448539], "num_seq": 4}