{"median": 29.141194409394394, "comm_energy": [29.024212761576, 29.141194409394394, 29.80563887491921, 28.65960627999202, 29.351540247145596], "baseline_power": [0.7566422987144039], "active_power": [0.30611279999999996]}