{"median": 29.52879133323939, "comm_energy": [30.160036244932602, 29.741396576361794, 28.6655656265184, 29.166512681896805, 29.52879133323939], "baseline_power": [0.5279736983121505], "active_power": [0.10985260000000001]}