{"avg": 0.013815330826799383, "std": 0.0006858172569428632, "energy": [0.012889256799600006, 0.014885066305399978, 0.014558315325100005, 0.013815741167200038, 0.013256043536499902, 0.014865796026200029, 0.0140377404437999, 0.013269282874000012, 0.014933053926100115, 0.012937490865800004, 0.014599105894099997, 0.014122028745199987, 0.013639317681599948, 0.013180447207200092, 0.01283208223060003, 0.014647955884400002, 0.014286082571299825, 0.014152764445300003, 0.013749409712799983, 0.013204555060399994, 0.012780906925599828, 0.014567864879399914, 0.014180225657400056, 0.013842361854099997, 0.013483330398999835, 0.013359041148274985, 0.01272172029970007, 0.014362656918812451, 0.013914637033975004, 0.013452727468799955, 0.013068495992612505, 0.014927489260537476, 0.014600943085362535, 0.01414537417210001, 0.013838235784000001, 0.01355376628410001, 0.013213887482900085, 0.012970237219500007, 0.012710656688200008, 0.014591988535800099, 0.014280480106000061]}