{"avg": 0.013525289604695118, "std": 0.0007011123400862798, "energy": [0.012275547222000003, 0.01480136572249998, 0.013853539319500001, 0.013096474204000036, 0.012649358492499901, 0.014166054959000023, 0.013322779190999896, 0.01259428884550002, 0.014234438264500111, 0.012439050767000002, 0.014025655221499997, 0.013541858497999985, 0.01305003578399995, 0.01268564962800009, 0.014424291302999971, 0.014075948306000001, 0.013706773899499827, 0.013594686049000007, 0.013185446823999983, 0.012699853219000024, 0.014421178924999847, 0.014016262001999916, 0.01362178474200005, 0.013278084552999996, 0.01458020553500005, 0.012818808033499988, 0.014359848073250067, 0.013836959946249956, 0.013381729731500008, 0.012913922431999965, 0.0126009724557501, 0.014363891355249875, 0.014672717920249934, 0.01360783652425001, 0.013294779220000004, 0.01300745248425001, 0.012709234858750064, 0.01250781877875001, 0.014315823045750062, 0.014059432351500104, 0.013745035105000067]}