{"avg": 0.1826995310359001, "std": 0.011143343563485043, "energy": [0.17027892248719997, 0.17515424017599993, 0.1799516799408, 0.18482846933839986, 0.18999290160800036, 0.19499691164799998, 0.20000718242080007, 0.16638594066800066]}