{"median": 35.46943160073249, "comm_energy": [34.7656104295892, 35.6918880651431, 35.598099903927704, 35.46943160073249, 34.54671147564132], "baseline_power": [0.4976955483763241], "active_power": [0.10623470000000002]}