{"avg": 0.006819652814397755, "std": 0.0004960228233496311, "energy": [0.006856720913360001, 0.006961923408400017, 0.007032842707439979, 0.007151619052480043, 0.007127904146880024, 0.007117674661119999, 0.007071356473999907, 0.007032469454080018, 0.005957029270800005, 0.007468428463280002, 0.007232925069839977, 0.0070657493073600225, 0.006950851388480045, 0.006882725401120069, 0.00682993751463998, 0.006812906430879981, 0.006753004277739996, 0.006521401114519998, 0.006334487514199974, 0.006090326407580018, 0.005906460702980005, 0.007477539959659882, 0.0072901892172599955, 0.0070894326945000145, 0.0065108700970799875, 0.006330748677039999, 0.006196343473219995, 0.006037308781740067, 0.005985265619139979, 0.007620538307580105, 0.007516007448299953, 0.0074669189044801465, 0.005991530786740015, 0.007516274745360002, 0.007318568506679932, 0.00706373071719002, 0.006837465711659949, 0.006679645340439977, 0.006434465986960023, 0.006264523919700049]}