{"avg": 0.006737565085147501, "std": 0.00046313286287120726, "energy": [0.0066345275072, 0.006740428768000015, 0.006814809663999957, 0.0069327928448000235, 0.006892932544000002, 0.006877151993599981, 0.006863854828799887, 0.00681010601599982, 0.007268023487199996, 0.007027754080400001, 0.006864656797599955, 0.006714485104800019, 0.006597463966400041, 0.006528161461600066, 0.006474305105199979, 0.006428961965199981, 0.006521341975300005, 0.0062868296994000065, 0.0060970685489999815, 0.0058499647501000255, 0.007352062570500048, 0.007479504225799971, 0.007001647549700005, 0.006849870686000181, 0.006287175235799994, 0.006104925340400008, 0.005968463179700003, 0.005808064299900076, 0.007442486167600024, 0.007544186625600075, 0.0072440824454999605, 0.007156422012699976, 0.007479548635900018, 0.007264418104799999, 0.007064536672399929, 0.006840704678199999, 0.006633366613799948, 0.006474296789199976, 0.006226507992800024, 0.006054712471000046]}