{"comm_energy": [24.6914306075915, 24.643827804799997, 23.922230372374003], "baseline_power": [1.5028251620957596, 1.4760709679883777, 1.5072108192957678]}