{"avg": 5.389444152178055e-05, "std": 5.598297624371279e-06, "energy": [5.709602408799996e-05, 4.523856077199989e-05, 5.387343538799983e-05, 6.281051052800021e-05, 5.121784862799986e-05, 5.990880238800045e-05, 4.8226172812000036e-05, 5.71815794599998e-05, 6.486506019999993e-05, 6.305278510000009e-05, 5.518815410000008e-05, 5.344977669999987e-05, 5.164784449999946e-05, 4.995750849999969e-05, 4.799963159999993e-05, 4.633640519999993e-05, 5.4256145990000007e-05, 5.4156518629999814e-05, 5.4368081268000025e-05, 5.3716002817000063e-05, 5.3650783890999864e-05, 5.3813505145999806e-05, 5.391553701699986e-05, 5.414615530600075e-05, 5.398880203300074e-05, 5.539850703000007e-05, 5.328037242000011e-05, 6.478775921400053e-05, 6.044559511700004e-05, 4.878875073699987e-05, 4.701153682499923e-05, 4.523958362800021e-05, 6.485463668800051e-05, 5.3932463376e-05, 4.99472646400001e-05, 4.584462907200054e-05, 6.200324800800066e-05, 5.811735933600029e-05, 5.3058258791999216e-05, 4.828424287200081e-05, 4.4616262576000345e-05]}