{"avg": 5.442217685488784e-05, "std": 4.543577198574149e-06, "energy": [5.88688490416e-05, 4.71560012103999e-05, 5.5686373701599845e-05, 6.513553544960025e-05, 5.3062331869599884e-05, 6.164806310160046e-05, 5.011294153840004e-05, 5.8954589971999814e-05, 6.0159325171199846e-05, 5.8921012420800086e-05, 5.730452796560009e-05, 5.559096892719986e-05, 5.3813303011999465e-05, 5.214705763599969e-05, 5.0217324105599926e-05, 4.857929248319992e-05, 5.603954e-05, 5.594497999999981e-05, 5.6155128000000024e-05, 5.5508782000000065e-05, 5.544058599999987e-05, 5.5606315999999824e-05, 5.570198199999987e-05, 5.592967600000076e-05, 5.577431800000077e-05, 5.6607341020000035e-05, 5.492249707200012e-05, 5.319915820640036e-05, 5.17895889895999e-05, 5.048419199919987e-05, 4.8726453419999234e-05, 4.7387832663200155e-05, 4.610790295999947e-05, 5.60059871088e-05, 5.207654483200011e-05, 4.8037287633600546e-05, 6.397114517040067e-05, 6.0133658056800296e-05, 5.5144659669599225e-05, 5.04365465736008e-05, 4.681965006880037e-05]}