{"avg": 0.5550837137301337, "std": 0.003980178914488509, "energy": [0.5624622130970001, 0.5586062676470012, 0.5571229640310009, 0.5550440154980003, 0.5550322025060004, 0.5454648320340003, 0.5521363334320002, 0.5549150053380005, 0.5492323599579996, 0.5587246309789995, 0.5583280869939995, 0.5561048708740006, 0.5526414010140004, 0.5548265396360006, 0.555613982914001]}