{"w": 4.6999599315645744e-05, "b": 0.00200631912846922}