{"w": 4.576548367497203e-05, "b": 0.0018551275427954408}