{"energy": [70.70710000000001, 71.1011, 70.28960000000001, 69.8137, 71.4936], "avg": 70.68102}