{"median": 28.006469879235997, "comm_energy": [27.667026236045, 28.006469879235997, 28.060046469368803, 27.975347067667002, 28.1523280184636], "baseline_power": [0.5213458832001768], "active_power": [0.10985260000000001]}