{"avg": 0.009035518095258255, "std": 0.0005199687008082614, "energy": [0.008390761297110003, 0.009350340411110037, 0.008452888062359947, 0.009328462953630032, 0.008381574037449987, 0.009114798830229993, 0.008114199179650039, 0.008759364487729964, 0.00879229970404, 0.009378806155420008, 0.008274018945319945, 0.008905276912660031, 0.00963275795067994, 0.008638698251719984, 0.00939457622397998, 0.008379542140200116, 0.008757972684960005, 0.009082027376879992, 0.00950238659520001, 0.009823521617920031, 0.008528093767760017, 0.009074650756799928, 0.009552463065359968, 0.008271354882639952, 0.008416078381039995, 0.008797882996239991, 0.009352826777199993, 0.009837241553760038, 0.00871874848935999, 0.009473915071519989, 0.010099743850880078, 0.009120743181920044, 0.009688579837119992, 0.008564705031359993, 0.009177852141760038, 0.009781703756799926, 0.008745076565440057, 0.009594175570240015, 0.008639530475199992, 0.009531083839680127]}