{"avg": 0.008875609037307499, "std": 0.000503895957159917, "energy": [0.00981001787260001, 0.009023873636300039, 0.008178432298799951, 0.009001576707900038, 0.008105653508499991, 0.008785364185899997, 0.009510805717399989, 0.00848803818239995, 0.008437087894700001, 0.009006961021100008, 0.009624291886199935, 0.008588411424300007, 0.00926501852939994, 0.008328298162599983, 0.009022367955899979, 0.009762404361100064, 0.008426828262000002, 0.008677797560999989, 0.009104446440000007, 0.009430594624000027, 0.008193406547000015, 0.008670785459999924, 0.009155329766999964, 0.009617744005999898, 0.008000690945899997, 0.008389691962899992, 0.008859603599499994, 0.009353255724600038, 0.008308386738099988, 0.008982304764199988, 0.009620581464800076, 0.008623301598200045, 0.009284833488399988, 0.00822271436519999, 0.008766180893200031, 0.009379492575999921, 0.008405894510800056, 0.009188872946800009, 0.008298113913999986, 0.009124905987600119]}