{"median_energy": 43.50310000000036, "avg_energy": 43.47770666666667, "op_energy": [43.883700000000005, 42.26889999999999, 42.80630000000002, 44.163700000000006, 43.309699999999964, 43.591699999999975, 42.647800000000075, 43.94369999999992, 46.93490000000003, 43.851099999999974, 46.75940000000003, 42.25890000000004, 46.79869999999994, 44.079700000000116, 42.62099999999998, 44.12969999999996, 41.94069999999999, 42.825399999999945, 43.708099999999945, 43.53980000000013, 43.833099999999945, 42.49709999999993, 42.64440000000002, 43.44040000000018, 41.416299999999865, 42.33420000000001, 43.95060000000012, 42.33289999999988, 43.57979999999998, 42.2509, 44.04060000000004, 43.19730000000004, 43.81209999999987, 42.00060000000008, 46.43309999999997, 44.337200000000166, 42.08050000000003, 43.75239999999985, 42.2983999999999, 42.110600000000204, 42.91360000000009, 44.18989999999985, 43.95699999999988, 46.16789999999992, 42.292900000000145, 42.349500000000035, 42.88689999999974, 43.371200000000044, 43.559600000000046, 45.185399999999845, 43.92630000000054, 41.712199999999484, 43.50310000000036, 43.39870000000019, 43.341199999999844, 43.45380000000023, 43.787699999999404, 45.119600000000446, 42.9404999999997, 42.69320000000016, 44.433300000000145, 43.62660000000005, 43.70309999999972, 42.339400000000296, 43.278999999999996, 43.879399999999805, 42.13149999999996, 43.202999999999975, 43.402000000000044, 43.01479999999992, 43.54930000000013, 43.685199999999895, 43.7534999999998, 43.67520000000013, 43.997100000000046], "comm_energy": [41.163748733150406, 40.004051042256, 40.21981513815042, 41.014523764368015, 40.63396711673279, 41.394919365105565, 39.699138035447994, 40.65561910634874, 43.75046737362717, 40.76206904671674, 43.85810004181119, 39.670888266296004, 40.28634018764482, 41.741048348732846, 39.732870160913585, 41.32957579550402, 39.733891675136036, 39.868215448078374, 41.0423026586622, 40.28474287167195, 40.86750931959841, 39.44749852407832, 39.7587409099696, 40.74336453999046, 39.71895448328971, 39.93579830061439, 40.98265480938244, 39.922682218052735, 40.31408055335823, 39.81241610120475, 40.702970989761525, 40.216485395499234, 41.05068599839514, 39.59483428076153, 43.72205757676485, 41.310968178831956, 39.857240737822515, 41.01135174078721, 39.6626130383615, 39.494544839291414, 39.822504007211556, 40.99910163698744, 40.810121380311855, 43.03475157252457, 40.25397826571355, 40.05622206500164, 40.09257063209097, 40.569071912377645, 40.85726908450212, 42.329766405295636, 40.665809895577766, 39.73714727932962, 41.10705988711201, 40.592827634754144, 40.05292793860961, 40.8433798147143, 40.858127843444265, 42.45393533197782, 39.72723599085609, 39.65778075210244, 41.21717931801616, 40.79574977317332, 40.6932059286355, 39.88073675874088, 40.80658944176178, 40.66575613009296, 39.89721796353764, 40.483247912857706, 40.58440781087246, 40.66118615235001, 40.69434346011052, 40.85795084243523, 40.847672426166376, 40.750898442590646, 41.07859597222563], "baseline_power": [0.1782096], "num_seq": 75}