{"median": 25.222090997378405, "comm_energy": [26.461772464767204, 25.222090997378405, 23.962346506912798, 25.264738278778395, 24.43168069156401], "baseline_power": [0.7636925454241187], "active_power": [0.3054552]}