{"median": 32.6804303225536, "comm_energy": [32.1260852696168, 32.7243675292608, 33.76138533283719, 31.547714636449182, 32.6804303225536], "baseline_power": [0.5108498143963536], "active_power": [0.1065636]}