{"w": 0.0019567967308177737, "b": -0.038296313284929384}