{"op_energy": [111.44320000000002], "comm_energy": [94.40610000000001], "comp_energy": [-36.80587444913438], "num_seq": 2}