{"avg": 0.00017698769112866589, "std": 1.0013861979668052e-05, "energy": [0.00012913056489499998, 0.00017579609339250001, 0.00017548485148979992, 0.00017440460972769972, 0.00017355008411290017, 0.00017225907553630054, 0.0001698357189868991, 0.00016760655760980042, 0.0001875815577633988, 0.00017761892987610024, 0.00017761661933199968, 0.0001781725841950001, 0.00017822420418960017, 0.00017866361823840016, 0.00017899784175270012, 0.00017931831066419997, 0.00018019366444230078, 0.00018736810518310004, 0.00018237856792169992, 0.0001771163677058003, 0.00017183995032750004, 0.00018848552909009987, 0.00018263428337369968, 0.00017645994193309943, 0.00017116354612930012, 0.00016951090505440007, 0.00018952072889199978, 0.0001854986301928001, 0.00018031245326959928, 0.00017570437961759937, 0.000171559664992801, 0.00018880296547199964, 0.00018324940984319965, 0.00017128154302399994, 0.00017139834428799987, 0.0001707016302399999, 0.00017038194457599988, 0.0001698347404160009, 0.00019033535678400005, 0.00018891322280000094, 0.00018758823894400028]}