{"avg": 0.00017392589349114634, "std": 1.0259763803471142e-05, "energy": [0.00012494657777000002, 0.00017055373575000003, 0.00017023027301999987, 0.00016913843022999976, 0.00016826681971000019, 0.00016693800337000053, 0.00016447619230999905, 0.00018448865805000014, 0.0001816071496599988, 0.00017328626297000028, 0.00017328889639999973, 0.00017384745150000015, 0.0001739065719200002, 0.00017435328368000015, 0.00017468641479000013, 0.00017501718833999998, 0.00017590043671000084, 0.000182548271519, 0.00017748332423299989, 0.00017290032824200023, 0.00016753745547500005, 0.0001836772319489998, 0.00017774315171299965, 0.0001722397790189994, 0.00016686303875700008, 0.00016548507512800009, 0.0001848063808880001, 0.0001810095688360001, 0.0001763093190040004, 0.00017178565351199938, 0.000167583694836001, 0.00018436012463999963, 0.00017872388198399963, 0.00016664206756099992, 0.00016676782148199987, 0.0001660590381099999, 0.00018750680806299964, 0.00018667621516400062, 0.000185182314201, 0.00018374247357500094, 0.0001823962690660003]}