{"avg": 1.5137592471309503e-05, "std": 7.572965711313854e-06, "energy": [3.785931168000012e-05, 2.3398910399999916e-05, 2.5057270208000527e-05, 8.618764032000127e-06, 2.130859750400005e-05, 1.238821983999916e-05, 3.0488979199994327e-06, 1.3585792447999816e-05, 3.6525202900000024e-06, 1.230190899999982e-05, 2.0004996770000005e-05, 6.206789460000098e-06, 1.3391126470000055e-05, 2.054522954e-05, 5.577695509999439e-06, 1.3064918170000051e-05, 3.4001573000012887e-07, 2.1512683017999967e-05, 9.883160698999833e-06, 1.9765608400999988e-05, 8.852311186999611e-06, 1.91885567719991e-05, 8.342488874000507e-06, 1.858033515700111e-05, 7.366106718999843e-06, 1.735019874400022e-05, 1.0025761752000053e-05, 1.8067230795999782e-05, 5.442003536000314e-06, 1.4048334603999596e-05, 2.3180431788000694e-05, 1.0107872647999616e-05, 1.9770169380000506e-05, 9.102909291998959e-06, 1.1200391504000068e-05, 1.4113821520000056e-05, 1.5977236976000258e-05, 1.7758213152000477e-05, 2.038713620799934e-05, 2.482585843200058e-05, 2.484142596800004e-05, 2.573767169599983e-05]}