{"avg": 1.393354047071898e-05, "std": 5.922348758351181e-06, "energy": [8.239615468799962e-06, 2.350321117919997e-05, 1.7275756190399784e-05, 9.85006822719961e-06, 2.2426358423999524e-05, 1.3487896823999146e-05, 4.264277711999414e-06, 1.467110269279981e-05, 4.9672517105999876e-06, 1.3501794259999811e-05, 2.1100683857799993e-05, 7.487930904400086e-06, 1.4575471115800043e-05, 2.16332087556e-05, 6.86638590139943e-06, 1.4253917053800039e-05, 2.3371178305800406e-05, 2.2222388240799974e-05, 1.069468128439985e-05, 2.048985867559999e-05, 9.67352345719963e-06, 1.9918232283199113e-05, 9.168494314400504e-06, 1.931478878920112e-05, 8.200351596399855e-06, 1.809621768640024e-05, 1.116092408360006e-05, 1.910184969779978e-05, 6.632214104800318e-06, 1.5131885272199595e-05, 3.283948770200551e-06, 1.1240638836399613e-05, 2.0740460213000885e-05, 1.0247582630598967e-05, 1.2228524568800067e-05, 1.5109133644000045e-05, 1.6951219287200253e-05, 1.8711862814400473e-05, 2.131019667759934e-05, 3.6393833519998975e-06, 7.90295712080033e-06, 1.2561273785599625e-05]}