{"median_energy": 36.22270000000003, "avg_energy": 36.306312, "op_energy": [40.23960000000001, 34.8737, 39.929100000000005, 35.26060000000001, 35.454499999999996, 38.30839999999998, 35.86670000000001, 38.7482, 34.7312, 36.67859999999996, 34.63820000000004, 37.999000000000024, 35.83209999999997, 36.22270000000003, 37.03489999999988, 36.081999999999994, 38.059400000000096, 33.83050000000003, 34.60140000000001, 35.087999999999965, 36.52559999999994, 37.129800000000046, 36.427799999999934, 35.74910000000011, 38.50700000000006, 34.53259999999989, 37.25559999999996, 36.514999999999986, 36.02970000000005, 36.731199999999944, 36.82749999999987, 35.41170000000034, 35.50509999999986, 36.636400000000094, 35.41139999999996, 36.32310000000007, 37.15989999999988, 35.50819999999999, 36.13329999999996, 37.67039999999997, 34.65300000000002, 37.68180000000007, 33.70040000000017, 38.537599999999884, 35.01999999999998, 39.13719999999989, 33.7954000000002, 36.600099999999884, 36.15520000000015, 34.80979999999977, 36.873400000000174, 35.84249999999997, 38.57030000000009, 34.12079999999969, 38.25690000000009, 36.57330000000002, 37.22479999999996, 36.45600000000013, 32.98180000000002, 36.02459999999974, 35.380900000000565, 36.067999999999756, 36.0975999999996, 36.1545000000001, 37.00940000000037, 36.44589999999971, 36.46600000000035, 36.07649999999967, 35.76940000000013, 38.302200000000084, 33.972499999999854, 36.259500000000116, 36.22479999999996, 35.45739999999978, 36.80470000000014], "comm_energy": [36.628361424724005, 33.36751497095792, 34.07764400532241, 32.49813145956671, 32.484172058759306, 34.4987381288739, 34.01369648034541, 34.88712379365614, 33.01476989120673, 33.6594412793911, 32.771221255680025, 34.50840642656557, 33.52774512592182, 33.26587013538225, 33.47394176396344, 32.90551559468301, 33.752324043832786, 32.34737733159893, 31.6345759223278, 31.60135922810193, 33.057899670863385, 33.04298827419041, 33.08714349758887, 32.716298069495714, 34.13471514411047, 33.94189818388897, 33.299339281081686, 33.36781681731921, 32.66618608386866, 33.85428304422758, 33.8813207793225, 32.79314860242119, 31.988491825314348, 32.413835434606185, 31.659940013477616, 33.196657016985036, 33.70069834604271, 32.78211885387936, 32.876871081508824, 34.80156770948401, 33.36885211642851, 34.16884520103966, 31.854905121823798, 35.2276514439096, 33.348130791838464, 35.66646797666038, 33.00575769117004, 33.3732915928543, 33.14805567693184, 31.627531956579922, 33.221461519427024, 33.090061497784056, 35.550260607422146, 33.33822875942795, 34.85383864445989, 34.261410670531234, 35.78554041135942, 35.30919415947002, 32.03830033097129, 32.11762609929, 32.51200015430155, 32.86017256262161, 32.611049298332716, 32.29131697708176, 34.156321026615146, 32.495136058862705, 34.22513921872137, 32.41581699931081, 33.57397200816043, 34.9491504297373, 32.6371971129944, 32.18165616857651, 32.2657494268884, 32.38855705991618, 33.494311362301964], "baseline_power": [0.1779349], "num_seq": 75}