{"median_energy": 43.43989999999985, "avg_energy": 43.70707466666667, "op_energy": [43.4058, 43.49430000000001, 43.91980000000001, 43.77529999999999, 43.943299999999994, 42.25830000000005, 43.043499999999995, 42.87429999999995, 41.79730000000001, 43.834599999999966, 42.25890000000004, 42.64830000000006, 44.69550000000004, 43.32849999999996, 43.37939999999992, 42.81770000000006, 42.766399999999976, 42.034799999999905, 44.208900000000085, 43.69330000000002, 44.95739999999989, 42.7111000000001, 40.41949999999997, 43.06920000000002, 43.63089999999988, 47.16520000000014, 43.598599999999806, 51.020600000000286, 44.71479999999997, 43.54169999999999, 42.17969999999991, 43.536600000000135, 43.27439999999979, 43.08430000000021, 43.41609999999969, 43.73190000000022, 43.71559999999977, 42.43100000000004, 42.71600000000012, 43.41409999999996, 43.8128999999999, 44.01960000000008, 43.54910000000018, 42.516099999999824, 43.347999999999956, 44.71640000000025, 42.64009999999985, 45.53870000000006, 42.834699999999884, 43.03690000000006, 44.69629999999961, 42.98890000000074, 43.449899999999616, 42.584499999999935, 43.10460000000012, 44.12009999999964, 43.79850000000033, 46.46090000000004, 46.59830000000011, 43.72929999999951, 43.55590000000075, 42.699799999999414, 43.35970000000043, 43.936899999999696, 42.302900000000136, 44.7799, 42.671800000000076, 43.065900000000056, 44.747100000000046, 43.636799999999766, 43.43989999999985, 43.40910000000031, 48.085199999999986, 47.516799999999876, 42.77220000000034], "comm_energy": [40.921597513327995, 40.415720401504, 41.13060963558401, 40.843725014047976, 41.219815491599995, 39.97661124332803, 40.33911768916807, 41.04492230334399, 39.399686321296, 40.64610728729596, 39.79553139118403, 39.73792835004807, 40.801356143712084, 40.90550147812805, 40.554728644175945, 40.24073130174406, 40.05527408988797, 39.446385607439844, 40.79642926187198, 40.937395119376085, 41.26276311679992, 40.69508292940806, 37.36756364643195, 39.662193732223926, 40.69493390478376, 40.278398443120054, 40.924197623775754, 40.51252276072008, 41.75757136577609, 40.6282313240801, 39.74072351543997, 40.88330027713606, 40.16984707806395, 40.2016706930721, 40.70977813113586, 40.79906898158402, 40.82694775939174, 39.58080788532802, 39.73379720433609, 40.678566915887906, 40.698955968063764, 41.00267829145591, 41.23563440096016, 40.08776974665598, 40.354951281231905, 42.41398730664024, 39.914070155440164, 42.89863921628789, 41.19730244947192, 40.031973974784144, 41.597438586911615, 40.95703608894457, 40.74119858288016, 40.01850158462375, 40.53630369060804, 40.59331243806402, 40.66681391844766, 42.83531969927976, 40.20378474316832, 40.808139979199645, 40.73261174843264, 39.584111967711806, 40.76804836950455, 40.865921064864075, 39.64758657966417, 42.31196201401603, 39.896587457504005, 41.006043044832076, 42.10926837611248, 40.68085745996818, 40.76483701318377, 40.245838173327776, 41.606560928688104, 41.06018409086423, 40.09704934436815], "baseline_power": [0.177552], "num_seq": 75}