{"avg": 0.08886710364940002, "std": 0.002327766669413267, "energy": [0.08637031412200014, 0.0864062832479999, 0.08602988980200033, 0.08618779717999986, 0.08623207567800034, 0.08688922588400033, 0.08780970329400026, 0.08883147129600066, 0.09155852312249993, 0.08757171845499984, 0.09073758530500006, 0.08703513177, 0.0899444449400002, 0.08541234843000009, 0.08726676796250088, 0.08944731285750063, 0.09303875760699998, 0.09465501325200004, 0.09138545989949981, 0.08934023805550034, 0.08727064406100016, 0.0924287175750006, 0.08949527753149905, 0.08655181969599984, 0.09127904908800005, 0.08969586346300024, 0.08676239284500026, 0.09210629589299979, 0.08914999593000006, 0.08619966362799991, 0.09095446021299988, 0.09072662252400088, 0.08882532504700008, 0.08762432383799995, 0.08574965969099985, 0.09100526420999983, 0.08898188149999953, 0.08863913922399969, 0.0869203767299992, 0.09216731112799872]}