{"avg": 0.09845220187824005, "std": 0.0013477100582472198, "energy": [0.09747176243199998, 0.098988349096, 0.09739209720799995, 0.0996214450960001, 0.09858283714400011, 0.09666130336800008, 0.09667510817599989, 0.09657507093600007, 0.09954753388000048, 0.09928760373599999, 0.09653071612799995, 0.09892215172800001, 0.0983643311999999, 0.09742169937599965, 0.09661173156800025, 0.10099206316000013, 0.09926005389000006, 0.09845360021000005, 0.09661168794000004, 0.09870037783000052, 0.10061757796599999, 0.10018789928200005, 0.09984085783599994, 0.09959610982199991, 0.09839107794800021]}