{"avg": 0.42895677615427785, "std": 0.003627464161293817, "energy": [0.42710435162999993, 0.43102730563000025, 0.42824636404000027, 0.43209567901999946, 0.43219175833600043, 0.4260107876480004, 0.42759528716800066, 0.4410420155339998, 0.4297761337839998, 0.4256267533660012, 0.4249861277769993, 0.4306513609799998, 0.42791390134999974, 0.4279340308399999, 0.42681525776999996, 0.42524015076800015, 0.4288977585120006, 0.4280669466239997]}