{"avg": 0.1000784981921112, "std": 0.0015064892325330973, "energy": [0.10073248625791995, 0.09890593107591994, 0.10066366893801992, 0.10304725511305986, 0.10170789556973994, 0.09842930523312006, 0.0984465399958399, 0.09834388049424006, 0.09807528415536024, 0.09740821414016021, 0.09887265076091996, 0.09798506777952001, 0.1008016313179999, 0.09975112322613966, 0.09894994117502025, 0.10159969886158009, 0.0996747100807401, 0.10229697545186005, 0.10030182413604002, 0.10254518461078051, 0.10106311502080008, 0.10095976199999998, 0.10071154652480001, 0.10046121891840003, 0.10022754396479971]}