{"comm_energy": [26.320801384369, 26.3784367787095, 27.9655209864936], "baseline_power": [1.5036467917637917, 1.5153283990037159, 1.5078786128850934]}