{"comm_energy": [38.6122103983058, 39.411744451005, 37.625274989565], "baseline_power": [1.4776105322861794, 1.436665824480489, 1.4845078076809994]}