{"avg": 0.007705829993022625, "std": 0.00018450685003061005, "energy": [0.007568488227439998, 0.007953992516639996, 0.007832993265240002, 0.007535694309400003, 0.007915309978319929, 0.007803497959240006, 0.0076241525910799935, 0.007514659121863989, 0.007766928034720015, 0.007566760006199971, 0.00784956793301602, 0.007554650300600012, 0.007816377493120016, 0.007263279428760003, 0.007997625995552008, 0.007670480921664011, 0.0077685394494080295, 0.007856767069503995, 0.007876470439295983, 0.007309279549728038, 0.007380533761439927, 0.0077421929345119975, 0.0076899101273520155, 0.007655074655192, 0.0074603813037279745, 0.007877957488280013, 0.00772186540548796, 0.007629346686656034, 0.007866223137568, 0.007884509328891998, 0.007933446778132031, 0.007883504709411966, 0.007784303947948046, 0.007636273013879951, 0.007513011886519995]}