{"avg": 0.007433134840073143, "std": 0.00016753391487856617, "energy": [0.0072366020254399956, 0.00759750370463999, 0.007462031466640027, 0.007202626164399999, 0.007558964572319926, 0.0074450006922400025, 0.00729238435207999, 0.007703011088639995, 0.007371101194240004, 0.00769101114415999, 0.007426290601360015, 0.007674288852480027, 0.007391911315200015, 0.007382088487519982, 0.00759263405880001, 0.007839098168800013, 0.007389297947599998, 0.0076227860459999785, 0.007469208494399986, 0.00744747664800006, 0.007524594519599917, 0.0073444743883199996, 0.007290996540720016, 0.0072543980431199985, 0.0070553416580799765, 0.0074452846908000135, 0.007322133011679961, 0.007228489228160035, 0.007486544358080005, 0.007505847884520005, 0.007555323308920036, 0.007504369525719974, 0.007403352495880053, 0.007283610222799957, 0.007159642501200003]}