{"op_energy": [50.788700000000006, 50.334500000000006, 49.60759999999999, 50.119699999999995, 49.354299999999995, 49.49720000000001, 49.644800000000004, 102.219, 50.26069999999999, 50.14710000000001, 50.1678, 51.09479999999999], "comm_energy": [45.71320766511361, 44.992134918684805, 44.48897181650402, 44.12105344270001, 44.36127442829499, 44.102432162082394, 44.58096081195241, 96.6650200316564, 44.540792671216394, 44.773951128149996, 44.4793428702338, 46.04932008386481], "baseline_power": [0.45083919999999994, 0.44985339999999996, 0.44985339999999996], "num_seq": 4}