{"avg": 0.16486687758440377, "std": 0.001445326724306956, "energy": [0.16533881660064004, 0.16578888890848006, 0.16566164639839992, 0.16384136347970002, 0.16508220224139988, 0.16673432680050046, 0.16209765105407992, 0.16455654009728016, 0.16353497949056012, 0.16229776033599994, 0.1662188978281601, 0.16606249216266003, 0.1665147791724398, 0.16294572976703997, 0.16596058936384, 0.16523337764928012]}