{"median": 37.028126620982384, "comm_energy": [36.4250073967632, 37.0440508632944, 37.028126620982384, 37.3084719050576, 36.23225658597121], "baseline_power": [0.7365051352335624], "active_power": [0.3044688]}