{"median_energy": 45.91070000000036, "avg_energy": 44.95488933333333, "op_energy": [48.443799999999996, 47.180899999999994, 48.00689999999999, 50.45860000000002, 46.96380000000002, 36.668499999999995, 47.06129999999996, 37.81940000000003, 48.65969999999999, 36.86030000000005, 37.76869999999991, 48.3112000000001, 98.69089999999994, 47.44939999999997, 37.946300000000065, 46.0797, 38.03149999999994, 46.51830000000007, 35.48249999999996, 43.32479999999998, 34.66330000000005, 37.19909999999993, 37.100799999999936, 48.477499999999964, 99.49610000000007, 49.49030000000016, 100.18599999999992, 46.77330000000006, 37.16879999999992, 47.759000000000015, 39.89480000000003, 39.54240000000004, 37.535699999999906, 46.753600000000006, 36.406099999999924, 47.276800000000094, 36.76509999999985, 47.82690000000025, 48.88069999999993, 36.94209999999998, 47.983600000000024, 47.72829999999999, 47.77629999999999, 46.285499999999956, 47.430199999999786, 39.70080000000007, 47.613300000000436, 49.00219999999945, 44.806200000000445, 36.62620000000015, 37.72019999999975, 47.464800000000196, 44.01019999999971, 47.645800000000236, 40.70319999999947, 47.89400000000023, 48.321300000000065, 48.57639999999992, 47.23210000000017, 36.02169999999978, 34.81280000000015, 36.030599999999595, 39.345600000000104, 38.276900000000296, 47.24459999999999, 37.4372000000003, 37.748099999999795, 36.70959999999968, 46.81510000000026, 42.192099999999755, 45.91070000000036, 37.40029999999979, 35.17220000000043, 35.76609999999937, 36.34760000000006], "comm_energy": [46.764589155682, 45.16918977044799, 45.87743393956798, 47.62543434077999, 45.222607552700005, 33.651940644460005, 45.27680140461799, 33.514723048122036, 46.94160867261404, 34.407213071790046, 35.18553520492794, 45.72809493433601, 97.57113050063396, 45.02200301823991, 34.454212479171964, 44.33267823717206, 34.23014581020201, 44.611170376468024, 32.71329541756595, 40.26140918150003, 34.014430339644065, 33.770148627569974, 33.58227176736588, 46.212404574331806, 97.25967526289777, 46.36647249295795, 97.95014390709608, 44.853813981947965, 34.3800852930421, 45.36768963472812, 38.380039975942175, 32.82919708644793, 34.08821438679805, 44.99079610958003, 33.155588619246004, 45.055541485151885, 33.60416095689595, 45.359502221744314, 46.43460466595594, 33.4466473566781, 45.62633618401606, 45.814503319074, 46.41265398558006, 44.50433246168628, 45.02273318411594, 36.979755725335934, 45.099624011150254, 46.658012833917496, 42.674012930192006, 33.10286325335255, 34.046397327016265, 45.38366349725187, 40.62167722576404, 45.085566074844515, 37.68626946261152, 46.10353908923975, 45.74023432931969, 46.469971852009785, 45.40769227359805, 32.18534560002001, 31.698357035388113, 31.911051117781735, 35.49102878527566, 37.294041622665894, 45.151730754239814, 34.721666863042245, 33.56628997710211, 33.94742961587587, 44.18089847738619, 37.11602265840013, 44.437321999568184, 33.36807349058555, 32.69467356423629, 32.42115810374, 33.296553841581705], "baseline_power": [0.177606], "num_seq": 75}