{"energy": [68.6789, 70.1958, 69.57430000000001, 69.5612, 68.70389999999999], "avg": 69.34281999999999}