{"op_energy": [49.86170000000001, 49.498999999999995, 48.6901, 49.120000000000005, 52.081199999999995, 49.198499999999996, 52.90270000000001, 50.04910000000001, 49.2572, 49.7025, 51.140100000000004, 49.55369999999999], "comm_energy": [45.02671434567092, 44.6699085627065, 43.904832900167, 43.8755828841028, 47.24998438174849, 44.37632778577799, 47.693533267907775, 44.8683647556965, 44.0073235344491, 44.81637171965879, 46.25853646960031, 44.25645833671978], "baseline_power": [0.4434163, 0.44670329999999997, 0.4473607], "num_seq": 4}