{"comm_energy": [43.9956307205767, 42.561319695339996, 42.4216428909116], "baseline_power": [1.4374248594914039, 1.4373946235373773, 1.4402457854426989]}