{"median": 44.934725208018385, "comm_energy": [46.143189423572395, 44.863161447245396, 44.934725208018385, 46.20743390783499, 44.67935715922141], "baseline_power": [0.4662472333900487], "active_power": [0.1072214]}