{"avg": 0.04180375571729997, "std": 0.0109265184073736, "energy": [0.05156671858959999, 0.02674357844800001, 0.04051417100239993, 0.05411309992159995, 0.029395723972800027, 0.043308091141599836, 0.056847415854399855, 0.03194124680800017]}