{"avg": 0.3125186483844999, "std": 0.003930268960369916, "energy": [0.31094210738999994, 0.3082268166659998, 0.31376077272400027, 0.31216707784599984, 0.3139903940959998, 0.31314149304999983, 0.310810253746, 0.307556100442, 0.3244671259149998, 0.3174940937149997, 0.3143799700750002, 0.31345938266999984, 0.31704851883000007, 0.31071774607399993, 0.3121832349819996, 0.31096691897200046, 0.31364874801999987, 0.3102939558009997, 0.30871994010599957, 0.3063983165699997]}