{"op_energy": [49.07950000000001, 51.07729999999998, 51.21900000000001, 49.22839999999999], "comm_energy": [43.55545297209601, 44.77694691095999, 44.983449375392, 43.670878649152], "baseline_power": [0.532656], "num_seq": 4}