{"op_energy": [50.82690000000001, 49.53559999999999, 48.897099999999995, 51.19999999999999, 49.477500000000006, 49.3913, 48.59079999999999, 49.753600000000006, 48.5231, 49.5179, 52.03100000000002, 49.33579999999998], "comm_energy": [46.00562995010701, 44.732933029877195, 43.7660590820954, 46.22304313342917, 44.6586997726605, 44.51825475520001, 43.81565777193948, 44.89965046963548, 43.7376380955424, 44.7168303406344, 47.18233524904482, 44.18470923467759], "baseline_power": [0.44111540000000005, 0.44210150000000004, 0.43914319999999996], "num_seq": 4}