{"median": 27.535283121217496, "comm_energy": [27.3172317962875, 27.866195149375, 27.800223915169997, 27.002810448504995, 27.535283121217496], "baseline_power": [0.5252082108712377], "active_power": [0.10689250000000002]}