{"comm_energy": [27.2703739700112, 27.9258263625724, 27.631001641948995], "baseline_power": [1.5106783749681356, 1.5086588214055712, 1.5125964113528354]}