{"avg": 0.04960512864876473, "std": 0.003967688503393819, "energy": [0.027731921216, 0.05064376579200007, 0.049510949568000104, 0.04862905705600005, 0.052666444128000166, 0.0525416770880001, 0.051465158960000056, 0.049258424072000075, 0.04942854949199986, 0.04976047257200007, 0.050044971508000004, 0.05022023906800015, 0.050447723108000456, 0.04982093517999997, 0.05036252652999999, 0.050884302496, 0.051560047740000024, 0.04828804337599998, 0.051356058861999856, 0.04891790613000028, 0.049082948548000015, 0.04951811372200003, 0.049928422110000016, 0.05037421408399996, 0.050818004946000084, 0.05118185058000022, 0.05152603409200009, 0.051513262936000025, 0.05130617440399998, 0.048468547164000064, 0.048833182186000065, 0.049147618677999994, 0.051372080641999676, 0.04996474602399947]}