{"avg": 0.050561620715129436, "std": 0.0010954763773294274, "energy": [0.04901093465280008, 0.05124914982240012, 0.05033814407439996, 0.053090334406399896, 0.052372930452800184, 0.051747315112799994, 0.050168676757760045, 0.05032560024191999, 0.05062432350527986, 0.05095079757248007, 0.05123502513471998, 0.05140768664512012, 0.051631100078720446, 0.05074067694687998, 0.05117858893056, 0.05181110288896, 0.04878136187456, 0.04915161771775998, 0.04951201217791994, 0.04977947966880029, 0.05001070110116, 0.050525183312860045, 0.05094929002879996, 0.05137365836891994, 0.05183906198912007, 0.04874002908406041, 0.04925609035603995, 0.051945769916160026, 0.048834701914880006, 0.04935868188592004, 0.04972769848432007, 0.04999838630495992, 0.05049424233328004, 0.05093475057087948]}