{"avg": 0.1854244162086333, "std": 0.0023941393367654445, "energy": [0.1861560415230002, 0.18535786777600055, 0.18487177357399975, 0.18405502639299987, 0.18386126568199979, 0.18140690406799953, 0.18870700985, 0.1871416010700001, 0.18505107094999973, 0.18359344543, 0.1815666391649996, 0.1868371452100005, 0.18791556962400002, 0.18613435907200027, 0.18225141673599987, 0.18605011897600077, 0.18288993732000025, 0.1866170999600008, 0.19100677524799992, 0.1849747215519999, 0.18752256153599978, 0.18180985262400012, 0.18307583200799998, 0.18414915544799954, 0.18790865403200002, 0.1879602892040002, 0.18665639921999988, 0.18394993575199936, 0.1837649726040002, 0.18948904465199973]}