{"avg": 0.12668784203625022, "std": 0.00812785879670539, "energy": [0.13219810482279998, 0.13878615339559988, 0.11820406182160026, 0.12397405159480018, 0.12950711658600034, 0.1357488551424006, 0.11479542958639985, 0.12028896334040046]}