{"avg": 0.07512631125184863, "std": 0.0011116043772932402, "energy": [0.07597161723456, 0.07666450291456015, 0.07720048512191986, 0.07450527827968026, 0.07533175706496002, 0.07412015357018002, 0.07557489101333989, 0.07341513488137989, 0.07487513889392013, 0.07633810331154034, 0.07396347185452024, 0.07434679643047996, 0.07540508107784002, 0.07656318009019987, 0.07430457094988008, 0.07490631238187984, 0.07614167259515972, 0.07351485216096001, 0.07495608928783996, 0.07666217282383991, 0.07470362763792016, 0.07617983701680034, 0.07637037900480004, 0.07384899008000001, 0.07484642123920004, 0.07576782735520012, 0.07320210189280026, 0.07385626888640048]}