{"avg": 0.0743943053726429, "std": 0.0012496381183702608, "energy": [0.07359130082399998, 0.07413711294400016, 0.07468080610799988, 0.0758773940880001, 0.07592627089200008, 0.07278769373600003, 0.07415122495399988, 0.07202244749799991, 0.07358122110599999, 0.07492277737400035, 0.07261882981200025, 0.07308710959, 0.07417933744599998, 0.07518610000999985, 0.07296846680600008, 0.07367918431599987, 0.07476016365799971, 0.07559966233599999, 0.073652662528, 0.07587583590400013, 0.07553605555200009, 0.07548617728000033, 0.07687928466600003, 0.07619911146599989, 0.07350646639, 0.07439027474800008, 0.07520551666600003, 0.07255206173600046]}