{"avg": 0.0044116445918634195, "std": 0.0005411887575161856, "energy": [0.004870589968500002, 0.004023388396700009, 0.004893677431799984, 0.004083576502400035, 0.005278656658599959, 0.004124303825299947, 0.005054135057800007, 0.005251627143599965, 0.004828204075499998, 0.0038611880869999864, 0.004648401595500029, 0.0038153099290000577, 0.004685599746499963, 0.005321805660499954, 0.004769422495500028, 0.003927686478999967, 0.0044202464527, 0.003640453835299948, 0.004530434908000031, 0.0037972272851999915, 0.00479855399460003, 0.004161663739100032, 0.0053382834791000115, 0.005349214041200026, 0.0036899543040000067, 0.0044405282559999894, 0.0035709768959999943, 0.004375450240000009, 0.0036185605760000157, 0.00456586329600005, 0.003879533695999954, 0.004859798464000029, 0.004225418560000013, 0.0040410341600000035, 0.0046598782099999845, 0.003613553130000052, 0.004272447630000012, 0.004996750480000095, 0.0040298966299999435, 0.004775034019999963, 0.003789098930000123]}