{"avg": 0.004490684824112686, "std": 0.00045413716076240455, "energy": [0.00506891708475, 0.004233065237450007, 0.005091691557299982, 0.004292030686400031, 0.0051677073405499985, 0.004332205879549941, 0.005250109468300004, 0.004368457380799942, 0.005018281342799996, 0.004063663767199988, 0.00484080825480003, 0.004017861762400057, 0.004877394940399962, 0.004138663211599963, 0.004960261294800028, 0.004128782442399967, 0.004664063738079999, 0.003896086457119946, 0.0047724682432000315, 0.004050483646079989, 0.005036570283840028, 0.004409343676640032, 0.0037135554564800112, 0.0048189503379199835, 0.0039087000883200025, 0.004649405176479987, 0.003791375107679992, 0.004585647659200007, 0.0038381590320800156, 0.00477369391968005, 0.004118596580080056, 0.005063685631120027, 0.004443123372480031, 0.00423411663728, 0.004845226322179985, 0.003811728339540052, 0.004462387920540009, 0.0051781382958400925, 0.0042227433625399435, 0.0049589429051599635, 0.004020983947559989]}