{"comm_energy": [34.049546400816396, 33.478788368204, 35.584575859017605], "baseline_power": [1.47028425885414, 1.4700391146772696, 1.4694960557810688]}