{"op_energy": [200.34300000000002], "comm_energy": [178.12493416011677], "comp_energy": [0.6197801733521562], "baseline_power": [0.5323271999999999], "num_seq": 4}