{"op_energy": [50.75410000000001, 50.404399999999995, 49.197, 50.0342], "comm_energy": [44.978712210552004, 44.6406507527312, 43.86566235359761, 44.64284090025038], "baseline_power": [0.5323271999999999], "num_seq": 4}