{"comm_energy": [45.97505314692201, 45.973762154175, 46.545540207200006], "baseline_power": [1.4064713677820908, 1.4386960595965244, 1.4079497414087738]}