{"median": 46.706476143808004, "comm_energy": [46.706476143808004, 46.19410950988799, 46.37822254003199, 47.304195747872015, 47.44152516260799], "baseline_power": [0.7049958103788658], "active_power": [0.30907199999999996]}