{"median": 46.40721761657999, "comm_energy": [46.222841336108, 46.40721761657999, 46.53542435008401, 45.98722206117802, 47.13707892780199], "baseline_power": [0.4659247829968884], "active_power": [0.109886]}