{"comm_energy": [43.737995448252505, 44.3407438008, 44.62924349428639], "baseline_power": [1.452558586255762, 1.4368225005439519, 1.4120781554942665]}