{"avg": 0.0019092298674437493, "std": 5.888202368547952e-05, "energy": [0.001951568243279999, 0.0018489981816599988, 0.0019235657973000009, 0.0017997742118600008, 0.0018595335585000017, 0.0019530469219600022, 0.0018401824126800053, 0.0018982879321600065, 0.001840691609400001, 0.0018688813841999984, 0.0018927187072199957, 0.0019078917884200004, 0.0019525606285700004, 0.001986279414429994, 0.001821089201170006, 0.001849722026110009, 0.0018709589775000003, 0.0018632150582000007, 0.0018964858641000025, 0.0019342415527000012, 0.001969652580900005, 0.0018322106556000013, 0.0018815659558999965, 0.00193467057599998, 0.0017912296910999998, 0.0019939768221499967, 0.0020141732726499956, 0.0020039145705999933, 0.0019905635272499983, 0.001980284847949992, 0.00198430092885, 0.0019988163169000032, 0.0019257250857600005, 0.0018947011271000008, 0.0018738294006799972, 0.0018741675459599965, 0.001891262641280007, 0.001911760286200001, 0.0019276233414999933, 0.0019350720519999848]}