{"avg": 0.0019656437143873487, "std": 6.173037461340333e-05, "energy": [0.0020167564422800006, 0.001918763052791999, 0.001996247495296003, 0.001870611645032001, 0.0019293274002000023, 0.0020305646751520023, 0.001910477705616006, 0.0019672756433920064, 0.0018932516654400012, 0.0019210219819199986, 0.001944593889071996, 0.001959511438192, 0.0020060497162720046, 0.002043919616967994, 0.0018739111775920058, 0.0019022072305360093, 0.00196294822635, 0.001955302397708, 0.0019876491087540025, 0.002028088051901996, 0.0020715534545460053, 0.0019249793102640012, 0.0019730939020459965, 0.00202499058143998, 0.0018492675029299988, 0.0020573778568939967, 0.0018761520954359966, 0.0018687717322779962, 0.0018550090899019944, 0.0020439597652219914, 0.0020479755822660002, 0.0020648180639639985, 0.0020019488313600007, 0.0019716544406000007, 0.0019513763664799977, 0.0019514640285599972, 0.0019682919180800075, 0.0019895143017599963, 0.0020038935189999937, 0.0020111776719999846]}