{"avg": 0.14187327661420013, "std": 0.01123873385971451, "energy": [0.1278048806128, 0.13849587840480002, 0.14903262181200005, 0.1598235671896001, 0.13337915402880013, 0.14384930261280002, 0.15454740769360037, 0.12805340055920028]}