{"median_energy": 38.91989999999987, "avg_energy": 39.05825733333333, "op_energy": [39.32690000000001, 39.09019999999999, 38.2692, 37.8631, 37.46000000000001, 38.997000000000014, 39.68469999999999, 39.0412, 39.363, 41.01600000000002, 38.48559999999998, 39.898799999999994, 38.752099999999984, 39.79359999999997, 38.61850000000004, 41.80130000000008, 39.388299999999845, 38.59090000000003, 38.450500000000034, 37.67130000000009, 39.96819999999991, 39.27719999999999, 40.20360000000005, 37.71389999999997, 39.073600000000056, 38.690399999999954, 39.44349999999986, 36.97530000000006, 38.71050000000014, 39.73049999999989, 38.28560000000016, 39.25859999999989, 37.869500000000016, 42.55340000000001, 39.35159999999996, 38.296499999999924, 41.417900000000145, 42.89559999999983, 37.73250000000007, 37.69840000000022, 39.407599999999775, 38.77560000000017, 39.15539999999987, 38.37440000000015, 38.87989999999991, 38.8137999999999, 37.84450000000015, 39.36069999999995, 38.31839999999988, 37.4353000000001, 39.948199999999815, 41.371399999999994, 37.545900000000074, 38.04980000000023, 40.70510000000013, 39.57049999999981, 38.085000000000036, 38.041899999999714, 38.91989999999987, 37.79570000000058, 39.41359999999986, 38.28200000000015, 39.41789999999992, 39.51569999999947, 39.338100000000395, 38.66679999999997, 38.78240000000005, 38.42079999999987, 37.94680000000017, 38.59469999999965, 39.424300000000585, 38.75269999999955, 40.420300000000225, 39.611599999999726, 39.67410000000018], "comm_energy": [36.153837214865206, 35.81717610000539, 35.24935507572699, 35.11373740396278, 34.459837215183214, 35.921188827424025, 35.5600212583718, 35.83221439460617, 36.99227265849101, 37.46695682776682, 35.501926526606056, 35.379043029984174, 35.86993825257356, 36.13976033924353, 36.35596177032609, 34.8996590779003, 35.95623546783199, 35.59445368743774, 35.16913479218319, 35.10569997009048, 36.587504636465354, 36.01328118405324, 35.55590579898622, 34.82131555256567, 36.158062267783706, 35.69771441625711, 35.00611991045316, 34.66856120835765, 35.543709855943, 36.20240254232874, 35.377118425096256, 36.326091907133076, 34.976000680817116, 38.56321449135619, 36.76196182660988, 35.66938199226144, 37.70188542988507, 35.917396541236826, 34.620330507446056, 34.80389674650214, 35.4622518018818, 35.41741509736061, 36.14956760869162, 35.727474610884784, 35.81980600351713, 35.39675595507968, 35.12110530988271, 35.961625260545, 34.95437355114071, 34.42031846281933, 36.409021153108576, 37.30607465807997, 35.314285563592115, 34.60648916110322, 37.43545613952076, 36.02059248153714, 35.33341785917379, 34.425977774841485, 35.86996072391067, 34.46561341726066, 35.50434664366284, 35.72065891820359, 35.56869040953165, 37.54888113347814, 35.70664140843135, 34.93165351575065, 35.04488517713836, 35.950886243865575, 34.42403223040348, 35.48903862569854, 36.15261080822439, 35.85669893065913, 36.963593947474884, 36.79452671363106, 35.56337969993915], "baseline_power": [0.1769482], "num_seq": 75}