{"median_energy": 48.250299999999925, "avg_energy": 51.114688, "op_energy": [49.330200000000005, 99.68450000000001, 46.08359999999999, 47.687700000000035, 49.076199999999915, 48.02600000000001, 47.59080000000006, 49.932500000000005, 46.44859999999994, 47.52750000000003, 48.567300000000046, 48.297000000000025, 48.706899999999905, 50.73199999999997, 98.65970000000004, 49.67640000000006, 47.390699999999924, 47.83910000000003, 47.61829999999998, 49.500099999999975, 48.38599999999997, 48.480600000000095, 51.40519999999992, 48.245099999999866, 49.349100000000135, 47.1853000000001, 47.807199999999966, 46.5483999999999, 48.45900000000006, 47.183899999999994, 48.73689999999988, 48.46180000000027, 49.31749999999988, 46.85089999999991, 47.84730000000013, 47.09929999999986, 47.864500000000135, 48.250299999999925, 48.6405000000002, 48.950399999999945, 47.37819999999965, 48.975200000000314, 47.0337999999997, 50.95080000000053, 50.492499999999836, 50.0640999999996, 45.82020000000011, 48.208900000000085, 47.540899999999965, 47.39740000000029, 47.47029999999995, 48.2802999999999, 47.51899999999978, 50.20190000000048, 47.60909999999967, 49.11909999999989, 48.30189999999993, 46.84950000000026, 100.36680000000024, 48.15639999999985, 47.5322000000001, 49.052999999999884, 47.26800000000003, 48.8427999999999, 47.35109999999986, 51.98250000000007, 47.47290000000021, 48.731799999999566, 101.46990000000051, 47.87950000000001, 46.16429999999991, 50.604799999999614, 47.932300000000396, 52.566899999999805, 47.56899999999996], "comm_energy": [46.083026835912, 97.59222184152802, 43.9443950631408, 44.02629305416644, 45.30854344719994, 45.11140705201279, 44.21587579831202, 46.13188256668803, 44.0602109068448, 44.89861199429923, 45.61624093391369, 44.88855027017129, 45.384159251872035, 45.908967200383934, 96.41582934935839, 45.79666693789764, 44.68872375271352, 44.32828600508806, 44.22090876832962, 46.29370546662886, 44.83127327274563, 45.12920362591206, 43.74808901117271, 44.70113607592308, 45.4520497870047, 45.337316720580716, 44.7959869510225, 43.80931535944629, 44.60116554876488, 44.991220629067264, 45.19806643499673, 44.402829784937786, 45.61949825395852, 44.27364732629092, 44.50838345509748, 44.99450390893266, 44.12675736807835, 45.327612210454255, 45.1131864213793, 45.01207179091689, 45.285907417137494, 46.24718354450581, 45.04378211013287, 47.26906671583085, 45.00093117888625, 46.64627684577862, 43.91663235529256, 44.51524383519161, 44.27313931292608, 43.673151382200174, 43.7855712488387, 44.83920378577435, 43.92833762475833, 45.51375872797144, 45.13795270429754, 46.46988265578564, 46.06358812057567, 44.70994167723853, 96.51368471873967, 44.824263542118594, 44.91315229532515, 45.519306306359965, 44.871532805790544, 45.21197959824764, 44.3262829217151, 44.76652801621298, 43.820102909033494, 44.80682454346039, 97.49003869570865, 45.38288451843867, 44.41620101605469, 49.24724939183989, 46.49463117405601, 46.0655866557216, 44.56992014450896], "baseline_power": [0.1782096], "num_seq": 75}