{"median": 31.710177422896198, "comm_energy": [31.486094662166195, 31.710177422896198, 31.5910957113872, 33.88279926817369, 32.725831004601304], "baseline_power": [0.7581724626131431], "active_power": [0.30864929999999996]}