{"op_energy": [108.169, 107.3774, 106.91479999999999], "comm_energy": [87.73930139566399, 87.349840106036, 88.29639362890717], "comp_energy": [0.4986610563190599, 0.5918600448660047, 0.4483027982884469], "baseline_power": [0.8629669999999999, 0.867902, 0.8669804000000001], "num_seq": 2}