{"median_energy": 34.63090000000011, "avg_energy": 34.836194666666664, "op_energy": [34.2685, 35.61909999999999, 34.6177, 33.8245, 34.380000000000024, 34.92399999999998, 34.71930000000003, 34.524599999999964, 34.97120000000001, 33.90989999999999, 34.5403, 35.20980000000003, 35.57079999999996, 34.3836, 33.77260000000001, 35.445499999999925, 32.933700000000044, 33.70330000000001, 33.49680000000001, 36.19470000000001, 36.36810000000003, 34.74879999999996, 35.26679999999999, 33.77110000000005, 34.94290000000001, 34.501199999999926, 34.743400000000065, 35.531099999999924, 39.018100000000004, 34.838900000000194, 34.97069999999985, 35.33180000000016, 34.611599999999726, 38.5436000000002, 34.08030000000008, 34.52989999999977, 36.83560000000011, 33.8922, 35.306299999999965, 33.91809999999987, 34.244699999999966, 34.36630000000014, 34.33629999999994, 35.078700000000026, 34.63090000000011, 33.951500000000124, 35.54589999999985, 37.3313999999998, 35.39390000000026, 36.25080000000003, 33.539099999999735, 35.458300000000236, 33.4998999999998, 34.69510000000014, 35.22039999999993, 34.690700000000106, 33.99109999999996, 34.202600000000075, 36.12019999999984, 33.579299999999876, 36.49470000000019, 34.183100000000195, 35.77179999999953, 34.38230000000067, 35.13519999999971, 33.50669999999991, 34.820000000000164, 33.76249999999982, 35.98559999999998, 33.42900000000009, 34.622699999999895, 34.5329999999999, 34.227600000000166, 33.25839999999971, 35.714500000000044], "comm_energy": [31.213091004785607, 32.97505314288299, 31.43123788116719, 30.520321924006886, 30.99957751818873, 31.328915323515503, 31.72230660170675, 31.15380234399861, 31.30653087690856, 30.642509162868713, 31.56794446607962, 31.898394780325816, 32.041057043094895, 31.931150484815603, 30.51220155881606, 32.482040405907625, 30.267849868055077, 30.54639440124826, 30.133330079639325, 32.81269567174686, 31.77491489993829, 31.190608142523708, 31.808731557695452, 31.458841674513145, 31.75382069949611, 30.90726215619695, 31.223485106784164, 32.889819241088155, 30.791785562946398, 32.00829268769622, 31.444515928017285, 32.3634825029548, 31.538263433974006, 31.555027256065117, 30.92667710870278, 31.407523701302086, 32.83502049028892, 30.679454382678916, 31.800373063593074, 31.046041656818314, 31.38116683118597, 31.488453522354785, 31.488182293109517, 31.556594221650155, 31.62268390569747, 30.851775809849894, 31.408234154368323, 30.907305717553463, 31.390341781784247, 33.34675821732629, 31.18839238891223, 31.851381479228777, 30.145548450826755, 31.901710015236386, 31.286450069771718, 32.10672360331395, 31.11807267036387, 30.77154423916761, 32.92537410924457, 30.477792564562463, 32.607177916631564, 31.495722742818163, 32.84736115194684, 31.04797925396049, 31.745932658384916, 30.171208856867374, 31.264494105784877, 30.16655210386135, 32.238841757388435, 31.050466839081842, 31.595700349195656, 30.610942600412283, 30.800375292526134, 30.426621836384204, 32.67355272274767], "baseline_power": [0.1778267], "num_seq": 75}