{"comm_w": 0.031779436151498405, "comm_b": 24.99229028239239, "base_w": -0.00010925933691482802, "base_b": 1.5033859525104654}