{"comm_w": 0.03237141123357588, "comm_b": 24.57014230096728, "base_w": -9.346040219347434e-05, "base_b": 0.5321313434300812, "train_comm_error": 0.3722131364756163, "train_base_error": 0.003679124616637799, "val_comm_error": 0.7435735088675066, "val_base_error": 0.008461517240423155}