{"w": 0.031137357221362693, "b": 25.37365498550032}