{"median": 28.09472204662719, "comm_energy": [28.1489542699424, 29.636270401876807, 28.09472204662719, 27.78831121138879, 26.931277216790395], "baseline_power": [0.7577322621214958], "active_power": [0.30709919999999996]}