{"median": 38.7607207160608, "comm_energy": [38.72195713831999, 37.73788703588959, 38.94172587501281, 38.7607207160608, 38.85158652326557], "baseline_power": [0.7236040227761343], "active_power": [0.3047976]}