{"avg": 0.019163117911849843, "std": 0.006705901240756761, "energy": [0.020712527510000023, 0.011068440315600017, 0.025689997921399865, 0.015803028008599965, 0.030127311399199885, 0.0193269710321997, 0.008667542249800042, 0.021909124857999243]}