{"median_energy": 34.6776, "avg_energy": 34.749242666666674, "op_energy": [35.076800000000006, 34.6776, 35.40209999999999, 36.4529, 34.91050000000001, 33.449600000000004, 35.421400000000006, 34.06139999999999, 34.69979999999998, 33.78499999999997, 36.19970000000001, 33.884100000000046, 36.00509999999997, 33.02920000000006, 33.83329999999995, 35.92930000000001, 34.05619999999999, 33.675800000000095, 36.160699999999906, 34.54160000000002, 33.5607, 34.27729999999997, 34.024, 35.8605, 33.49930000000006, 36.255499999999984, 34.760599999999954, 35.28080000000011, 35.58769999999981, 34.52880000000005, 34.02170000000001, 36.45230000000015, 35.18229999999994, 33.60550000000012, 35.34909999999968, 34.98250000000007, 35.64570000000003, 34.521400000000085, 36.04279999999994, 34.19119999999998, 35.79600000000005, 34.353000000000065, 34.10259999999994, 33.86660000000006, 33.81869999999981, 33.567800000000034, 34.72320000000013, 36.74839999999995, 37.88020000000006, 39.07659999999987, 33.952400000000125, 34.05439999999999, 35.69790000000012, 33.69359999999983, 33.56690000000003, 34.79100000000017, 35.098799999999756, 34.88599999999997, 33.91520000000037, 34.936699999999746, 34.58080000000018, 33.1578999999997, 33.89730000000009, 34.92280000000028, 34.97739999999976, 33.126700000000255, 35.055099999999584, 34.509700000000066, 32.897799999999734, 33.820500000000266, 34.50849999999991, 33.970200000000204, 35.21860000000015, 35.28049999999985, 34.86160000000018], "comm_energy": [31.590467535892998, 30.468816884871497, 31.4374677953561, 32.84557211327587, 31.59708874703031, 30.61013878393771, 31.865949215586312, 31.116532918357095, 30.739688306654894, 31.379167427762287, 32.73003180502405, 30.75371839587157, 31.804013568134895, 30.21846907931974, 30.563582278650518, 32.0706727217051, 30.984281337930135, 31.08639975270792, 31.85289113192386, 31.75168926320258, 30.97407623170217, 31.11929985659603, 31.400241458059956, 32.46876948194629, 30.36832248382396, 31.652148474536723, 32.01964492986104, 31.457040138608097, 31.570043012485105, 31.340573145713137, 30.35091537639332, 32.5110641614854, 31.9146392453237, 31.05146809846806, 31.94576055002918, 31.289019835317273, 31.820547928915058, 31.364378527409063, 31.873788685386472, 31.292331844885528, 31.933537515261644, 31.4907286855671, 31.29143371892918, 30.507227314352498, 30.577194955453464, 29.997749045364717, 31.302062727007574, 33.42980293180966, 30.483691758533922, 30.793302086378443, 30.2591627094215, 30.893573178671197, 33.025159725515934, 30.744422427409525, 30.047367564077074, 30.772412919890783, 31.373179324194126, 31.200023321010057, 30.407843633996553, 31.56842361704118, 30.896633490395775, 30.41704301077319, 30.08228846953418, 30.951433185711192, 31.637015461969884, 30.882508997609325, 31.099689237549025, 31.0320449063668, 30.259030339877924, 30.344452948748618, 30.687146675842897, 31.060991910675913, 31.216055646542628, 31.20311042469839, 30.819888196904785], "baseline_power": [0.1779349], "num_seq": 75}