{"op_energy": [50.08560000000001, 49.95189999999998, 51.837500000000006, 49.0025], "comm_energy": [44.67385388080001, 44.53964314319998, 46.08194506559999, 43.679182794899994], "baseline_power": [0.5343], "num_seq": 4}