{"median": 36.9138329044312, "comm_energy": [37.320111923627195, 36.9138329044312, 38.318863433314405, 36.870817541999976, 35.984998835313604], "baseline_power": [0.49817147807382905], "active_power": [0.10787920000000001]}