{"median": 38.63291957347201, "comm_energy": [37.7704131509616, 39.7655505236512, 38.63291957347201, 39.135794535056, 37.5852485741136], "baseline_power": [0.7374886051828294], "active_power": [0.3097296]}