{"comm_energy": [41.6721100192768, 40.77228062130799, 41.212407353722], "baseline_power": [1.4450711758385426, 1.4376671043150309, 1.4386336438859122]}