{"op_energy": [112.67169999999999, 109.97529999999999, 106.81739999999999, 107.53709999999998, 107.28580000000002], "comm_energy": [93.29084763713301, 90.712417302217, 87.5264172741, 88.32059310381999, 88.87254071647303], "comp_energy": [0.9132022840979772, 0.7838720598499833, 0.8370956914999308, 0.7801149849999476, 0.879470830604161], "baseline_power": [0.8458589999999999, 0.845859, 0.85211, 0.8488200000000001, 0.8479042], "num_seq": 2}