{"median_energy": 48.31889999999987, "avg_energy": 51.71457866666666, "op_energy": [48.575100000000006, 49.82579999999999, 45.99670000000002, 49.043799999999976, 47.10900000000004, 49.5625, 48.41209999999995, 47.37790000000007, 48.70259999999996, 46.71570000000003, 48.419399999999996, 47.19830000000002, 49.72429999999986, 48.54610000000014, 48.31889999999987, 49.5209000000001, 49.32849999999996, 48.04049999999995, 48.283500000000004, 48.066400000000044, 47.61630000000014, 100.78359999999975, 47.202400000000125, 48.31380000000013, 48.572099999999864, 47.21080000000006, 48.48810000000003, 49.093399999999974, 48.56700000000001, 47.56230000000005, 49.05029999999988, 48.65300000000002, 48.97159999999985, 47.58160000000021, 101.21309999999994, 47.59680000000003, 47.48069999999984, 48.56099999999992, 47.648800000000165, 48.169599999999946, 48.83100000000013, 46.88499999999976, 49.14300000000003, 46.89330000000018, 48.89419999999973, 46.583500000000186, 100.93880000000036, 48.98279999999977, 46.921299999999974, 47.16240000000016, 100.29059999999981, 47.952800000000025, 49.85199999999986, 46.508400000000165, 49.22069999999985, 100.32639999999992, 48.32810000000018, 48.33100000000013, 48.33289999999988, 47.273099999999886, 47.52579999999989, 47.668800000000374, 48.566699999999855, 48.71839999999975, 47.33820000000014, 47.496399999999994, 47.4671000000003, 47.8107, 47.43150000000014, 48.14989999999989, 47.95539999999983, 51.69200000000001, 47.872899999999845, 52.6579999999999, 47.485999999999876], "comm_energy": [44.673361231658006, 45.515275464922006, 43.63357161929401, 45.59698826912001, 44.27842453758402, 45.660059551702, 45.936635941593956, 44.26333598073404, 45.14665817637801, 44.63719540930804, 44.18400597732601, 43.66813432158797, 46.1311706797119, 45.64526341720798, 44.668447764889954, 44.41394004910597, 46.26027290615597, 45.4501062906219, 45.12453837980801, 45.003946082663944, 44.537031072672036, 97.36834363197787, 44.3987519280178, 44.41427203200612, 46.03384824790998, 44.31489043633989, 44.88540349636397, 44.48505957196614, 45.24248206350807, 44.648511000894025, 45.393042932717854, 45.15798168205395, 46.19544026671382, 43.891738360516044, 97.26958049213795, 44.82891826891999, 44.876690975125896, 44.79492676549579, 43.984785178102115, 44.41716329849987, 45.459809947174165, 44.18196450678549, 45.480310951155886, 43.87052269067999, 45.21699830984191, 43.67710598376962, 97.32842381235825, 45.74789365524615, 44.74240761993589, 43.71769207022619, 96.67361177476621, 44.26027406852182, 45.6995914062277, 43.88968872562236, 45.78344349360222, 96.78887505081201, 44.76833929957181, 45.505688472968345, 45.53554370427967, 44.228018656342094, 44.268024331435704, 45.1001284002841, 44.59883369260606, 45.00986411795574, 44.603088139398196, 44.22299991062584, 43.866512100594484, 44.555593841210275, 43.77924872424034, 44.07366018255819, 44.8191515917019, 47.964500855214105, 45.18459087573989, 45.54456273848769, 44.285378864299425], "baseline_power": [0.177606], "num_seq": 75}