{"comm_energy": [39.671867393634, 37.475824506813005, 40.063948636716], "baseline_power": [1.4407764358381498, 1.4833508947807346, 1.441527026845996]}