{"comm_energy": [24.843167398867998, 24.393877592955498, 24.122791018726], "baseline_power": [1.4710194476040777, 1.505325041892803, 1.5013840245623271]}