{"comm_energy": [35.716649274991994, 35.5670827471614, 37.55566983552], "baseline_power": [1.4689513646855732, 1.477602573341699, 1.4359499275498409]}