{"median_energy": 38.31849999999986, "avg_energy": 38.92987466666667, "op_energy": [35.36569999999999, 39.253600000000006, 39.90209999999999, 37.79130000000001, 36.997299999999996, 40.35339999999999, 37.80279999999999, 39.65590000000003, 38.699299999999994, 38.65260000000001, 36.46139999999997, 39.84070000000003, 39.3227, 38.224899999999934, 37.17920000000015, 40.29809999999998, 39.21489999999994, 38.29430000000002, 37.8904, 39.4588, 36.473100000000045, 40.343099999999936, 40.14859999999999, 41.65139999999997, 40.5566, 39.60570000000007, 39.24649999999997, 38.141000000000076, 37.54099999999994, 37.77719999999999, 39.39689999999996, 37.634000000000015, 37.91360000000009, 36.98939999999993, 37.794599999999946, 37.6081999999999, 38.88270000000011, 36.91690000000017, 37.65869999999995, 39.43810000000008, 37.6878999999999, 37.703399999999874, 38.267700000000104, 40.24170000000004, 37.494399999999814, 36.554800000000114, 42.59810000000016, 42.56089999999995, 38.31849999999986, 35.77960000000007, 37.784799999999905, 39.19229999999993, 40.07780000000025, 36.82609999999977, 42.72860000000037, 45.340999999999894, 38.75729999999976, 42.291299999999865, 38.87699999999995, 38.0286000000001, 40.56840000000011, 37.07580000000007, 42.09130000000005, 36.24569999999994, 38.17300000000023, 44.09079999999949, 36.61070000000018, 49.77070000000003, 39.580999999999676, 40.32780000000048, 36.24800000000005, 37.81489999999985, 36.90650000000005, 36.260099999999966, 38.48739999999998], "comm_energy": [33.240622886943996, 35.58293724384, 37.300224147328, 34.646619390607995, 34.22298046195202, 36.93645222311998, 35.37552378924797, 37.89386579790402, 36.04358606772798, 35.61679821524801, 32.94701396865597, 37.33646681913602, 36.48821830400005, 35.71054150828789, 34.683433046224124, 36.77018586171211, 37.232015084736, 34.90097410771199, 34.70458283969602, 36.78255825435208, 33.595720706272104, 37.65192322862396, 34.11615209971199, 34.47618989172789, 37.67604489127999, 36.88301510822413, 35.14532697328008, 33.76555453555216, 34.60176079307193, 34.72961481015986, 36.26397113059202, 34.57789130502407, 34.91631523731204, 33.879249858656046, 34.76399102388781, 34.10739121177596, 35.60487293443181, 34.0765576563522, 34.60156149350428, 36.227299399008245, 34.75724695507207, 35.245862925567764, 34.82352741460802, 36.72693631873612, 34.21245397064002, 34.67112333819206, 38.89575263761631, 39.48924714708822, 34.883629581536056, 33.030739642208026, 33.70599226353597, 35.79402804091181, 36.36367455339221, 34.15133215671975, 39.428899101376516, 38.89942785008013, 35.19550677422387, 38.35604991030356, 35.95402524078398, 34.18383502351971, 37.410764547184144, 33.72721778726406, 38.489031857168094, 34.159105479087984, 35.426013091951965, 37.55574722278379, 34.141588391391736, 38.14045943608, 37.95545407435159, 36.24397991511979, 33.82169653646375, 34.187187558480154, 33.72732297987198, 33.38847247385616, 34.91138873729592], "baseline_power": [0.177552], "num_seq": 75}