{"median": 24.888573689776, "comm_energy": [24.008394819272, 24.888573689776, 25.21996255164, 25.052252999136012, 24.82090883240799], "baseline_power": [0.5230237654496742], "active_power": [0.10791200000000001]}