{"median_energy": 42.652, "avg_energy": 42.007941333333335, "op_energy": [42.652, 43.27749999999999, 43.08080000000001, 39.36170000000001, 44.51079999999999, 39.01500000000004, 46.30869999999993, 39.35990000000004, 43.092299999999966, 45.15160000000003, 42.309699999999964, 42.60900000000004, 39.67930000000001, 1.6766000000000076, 43.884900000000016, 38.67939999999999, 45.599000000000046, 40.35329999999988, 43.802599999999984, 40.64840000000004, 42.41240000000005, 41.01769999999988, 46.91790000000003, 43.039999999999964, 42.91610000000014, 43.399599999999964, 42.75569999999993, 38.96580000000017, 44.736399999999776, 40.68090000000029, 40.74739999999974, 43.47830000000022, 45.106599999999844, 39.22309999999993, 45.43190000000004, 41.868200000000115, 45.39689999999996, 42.29189999999994, 40.06449999999995, 44.27600000000007, 43.28870000000006, 43.00229999999988, 42.09090000000015, 42.12419999999997, 39.35589999999979, 45.449400000000196, 41.7195999999999, 43.220200000000204, 39.24669999999969, 43.46180000000004, 43.32960000000048, 41.267599999999675, 44.88869999999997, 39.85960000000023, 45.84869999999955, 44.259700000000066, 47.253400000000056, 41.02039999999988, 39.76490000000058, 43.116399999999885, 41.4069999999997, 43.008400000000165, 42.139700000000175, 45.0341999999996, 41.59660000000031, 40.867499999999836, 41.70510000000013, 45.21279999999979, 43.15239999999994, 42.71419999999989, 40.20290000000023, 42.56739999999991, 41.13070000000016, 42.001700000000255, 44.50649999999996], "comm_energy": [41.016677083897704, 41.58384117207008, 41.40286107439992, 38.50729011545312, 40.3671797476454, 37.647790207216644, 41.903721111373514, 38.7606311662432, 39.04313539721979, 42.802217650115445, 41.35598713464696, 41.163048932620335, 38.27019577591007, 1.2821569603090912, 41.38083137099561, 37.760549777844915, 41.69347777561387, 39.51671991512489, 40.41988421658124, 38.729059321661886, 39.306864304379, 39.056328292812886, 43.27411512787377, 41.57672921936305, 41.30653812729242, 41.294340848487636, 41.04705271434402, 37.98518768086332, 41.36095843062928, 39.42393257727311, 37.779190540224526, 39.21025231515069, 41.354731759152756, 38.02990491241101, 41.353640193832994, 40.32601715739973, 42.874233696505904, 40.513568325719405, 39.55900460456294, 40.866171570753956, 41.570385686277575, 41.27992871423592, 41.05519146893397, 40.48418020226693, 38.10656221682771, 41.468947069761036, 40.31571315480911, 41.501941855039725, 38.13454291932556, 39.26080832942553, 40.22092460599888, 39.528816004204955, 42.24252404152569, 39.343894287270174, 41.684824155024735, 42.54546202738391, 41.67699859512294, 40.15617424280087, 38.88537472214475, 39.623302095256065, 38.622171914460885, 38.92963922548575, 38.40461647867341, 41.64708351466801, 40.16223252437632, 38.965613571242926, 38.8748219218354, 41.19149938203509, 40.94338769365821, 41.27743565081227, 39.19663008442575, 38.758211411905656, 38.17826565616482, 38.43539468724435, 40.226073690824485], "baseline_power": [0.1779349], "num_seq": 75}