{"median_energy": 37.55209999999988, "avg_energy": 37.83311333333333, "op_energy": [37.6903, 39.21780000000001, 39.07599999999999, 39.17410000000001, 35.48419999999999, 37.93209999999999, 41.62829999999997, 37.19350000000003, 38.0265, 38.57510000000002, 38.29200000000003, 37.28199999999998, 37.29719999999992, 36.732000000000085, 37.58720000000005, 37.086599999999976, 41.218399999999974, 38.96679999999992, 36.942499999999995, 36.326400000000035, 39.10770000000002, 35.604999999999905, 37.613300000000095, 36.91509999999994, 37.607900000000086, 36.63990000000001, 38.16169999999988, 36.08570000000009, 36.62570000000005, 37.06880000000001, 37.86680000000001, 39.874700000000075, 36.07109999999966, 40.158400000000256, 37.26279999999997, 37.55209999999988, 37.53610000000003, 37.912500000000136, 37.13189999999986, 41.97630000000004, 37.17780000000016, 37.566299999999956, 36.87339999999995, 37.553499999999985, 36.81809999999996, 37.46320000000014, 37.924999999999955, 37.13799999999992, 37.13550000000009, 37.21759999999972, 37.444400000000314, 38.42089999999985, 36.39300000000003, 38.33179999999993, 37.87920000000031, 37.08649999999989, 38.27659999999969, 42.15380000000005, 36.65050000000019, 38.260699999999815, 36.50700000000006, 36.86079999999993, 36.757600000000366, 36.91479999999956, 38.80360000000019, 37.02619999999979, 37.84240000000045, 39.06519999999955, 37.289000000000215, 39.013800000000174, 37.612199999999575, 41.38120000000026, 37.060799999999745, 37.372899999999845, 37.707700000000386], "comm_energy": [34.6306907804928, 36.480193729168015, 34.634781056838406, 35.44576721529041, 34.12131345331521, 34.3374640873896, 34.74748636694794, 34.37787058325041, 34.309681214008826, 35.13201421960405, 35.176047229724844, 33.39068964193683, 33.644286252883916, 33.03294798809517, 34.73351145246176, 33.43469095848966, 33.66892424629517, 35.26626241335512, 34.249050142965594, 33.101458339619256, 35.42029987478963, 33.410983056142264, 34.72313140221755, 33.787278595422364, 34.017898904093656, 33.16824002344638, 35.180314152483106, 33.21481095967993, 32.95516016136316, 34.0821745105329, 33.95885668132574, 35.385068223925735, 34.19138578750222, 36.69221266065047, 34.708850507608105, 34.51962993970939, 35.05982132791437, 34.18305359578079, 33.081846069202435, 34.437294057119935, 34.26725129691467, 34.57638443029376, 33.186216296104064, 33.69426004701298, 33.93963732885843, 34.02417803508317, 34.23063512979626, 33.59732729065828, 33.937921347949036, 34.26490250447487, 34.09367963726654, 34.07655042488957, 34.102801713646336, 34.447480002024925, 33.93477236708276, 33.65145803003621, 34.79280871327187, 34.69861343164242, 34.28889696604027, 35.12473828941779, 33.32528047275154, 33.176257409497566, 33.08386927610454, 33.46048372642248, 34.73931155434072, 34.071262530975176, 34.80723878497038, 36.191952784774465, 33.657111680493514, 36.111288712900894, 34.80103065216768, 34.43600325160337, 33.94994860840133, 34.55050580656962, 34.20368478094239], "baseline_power": [0.1778808], "num_seq": 75}