{"avg": 0.012830533200394666, "std": 0.00020917093297732667, "energy": [0.013177986179360003, 0.013057623692959984, 0.012905257934720003, 0.012726187993760005, 0.012531784965919996, 0.013013376827999936, 0.012789573535719998, 0.012538127985920014, 0.012992830982919971, 0.012753664762599981, 0.013208096763999961, 0.01305321057927998, 0.012502519384400008, 0.012932865906240001, 0.012633007665040013, 0.013050908842479995, 0.012849289262720016, 0.01264773158244005, 0.012707842627440007, 0.01300513829936, 0.01265760691664002, 0.01298502950415998, 0.012584306618880027, 0.012881278381920023, 0.012797782268560005, 0.012529896472800006, 0.012960806744799993, 0.01273115559735999, 0.012565661626720015, 0.013145446104720042]}