{"avg": 0.013263915461354667, "std": 0.0002142761995728013, "energy": [0.01371241694268801, 0.013565436900384005, 0.013408128066176007, 0.013232029162208008, 0.013041120855136002, 0.01355080812239994, 0.013242843389152003, 0.012996001129472017, 0.013443841624671977, 0.013207552680159985, 0.012981301983807975, 0.013501942694847986, 0.012917692381760007, 0.013341946711296, 0.013046268970816009, 0.013474919014719986, 0.013259612031488018, 0.01306051337577605, 0.013157652835104004, 0.013449620211775995, 0.013109019813824018, 0.013430397643455976, 0.013035605572608024, 0.013328343012672019, 0.013245478142464, 0.012982896184320003, 0.01340593434111999, 0.013180188573183989, 0.013017100807168011, 0.013590850665984035]}