{"avg": 0.004781213884419999, "std": 0.00016010453496824434, "energy": [0.004781029208159993, 0.004849413114239987, 0.004940402586015993, 0.005022555383647991, 0.004562919676159989, 0.0045755354554881025, 0.004678876410527952, 0.004677099667551985, 0.004777898206911999, 0.004845891613632003, 0.0049797178762560025, 0.0045097793518079875, 0.004612978094271978, 0.004731622642015938, 0.00487900064256004, 0.0048644939212799995, 0.004673012398847998, 0.004805145567039974, 0.004893637076607975, 0.00497606014412803, 0.005081465683456024, 0.00459195396697603, 0.004636757555903998, 0.004641693103424021, 0.004701247198991996, 0.004609531256015993, 0.004500219861096002, 0.004974070195640004, 0.004926962556719965, 0.004885271571152006, 0.00483363808348801, 0.004761687998304054, 0.00501569319296, 0.005133581950400002, 0.00470027969023999, 0.004766402260799983, 0.004787663455360016, 0.004703299079679959, 0.004552780979840005, 0.004807286699199986]}