{"avg": 0.0046337870501769966, "std": 0.0001909666526005674, "energy": [0.004507271272799991, 0.004577158819199984, 0.0046697754932799925, 0.00475316572783999, 0.0048444153150400135, 0.004863275033119978, 0.004403881038239952, 0.004401771768159983, 0.0045760400692, 0.004645191421200004, 0.0047805317646, 0.004865144811800015, 0.004409342645199979, 0.004528740530599937, 0.004678756896000041, 0.004663388447999999, 0.004910549655679997, 0.004527979739199974, 0.004618148083839975, 0.00470258777344003, 0.004810218042880023, 0.004353886445120021, 0.004357158889919999, 0.004361808979520021, 0.004499732655359998, 0.004407419009279996, 0.00486353589632001, 0.004776996771200006, 0.004729026297599967, 0.004686163708160007, 0.004634261783040012, 0.0045611638963200555, 0.005003390927040004, 0.004981432249760005, 0.0050037364476000065, 0.004423514489759985, 0.004456009148320017, 0.004370550348159963, 0.0046671970948799265, 0.004477162620399991]}