{"avg": 0.011409921937119509, "std": 0.0006545093932869012, "energy": [0.010490405353600001, 0.011423966647999988, 0.01212981968160004, 0.010491892187199987, 0.011085043143999957, 0.011773446863199984, 0.012304129478400004, 0.01068472386239979, 0.012446855896, 0.010964724743000018, 0.011732830897399994, 0.012442832360000017, 0.010896268942999988, 0.011622413816199988, 0.012226462263200039, 0.010510709708799911, 0.011090708973600105, 0.01163400478619999, 0.012100499425400004, 0.01037342627660007, 0.010951982828399986, 0.011730079992199983, 0.012443375455400009, 0.01098098628679996, 0.01195147867500006, 0.012187150318699998, 0.010505903341100024, 0.011052649480300013, 0.011619327154200026, 0.012230893089799928, 0.010642851048199939, 0.011386526643600021, 0.012086944685499965, 0.0108792567894, 0.011386321010399991, 0.011968866318200006, 0.010461842825899938, 0.011089399815800097, 0.011918752141900073, 0.010496265103399943, 0.011410781109900028]}