{"avg": 0.011132361840149388, "std": 0.0006378443015473141, "energy": [0.012174370889000006, 0.010898801997499985, 0.01161670746450004, 0.010052805146499987, 0.01061159006550004, 0.011253936022749982, 0.011792054298000003, 0.010248662402999792, 0.011928283869999994, 0.010524996053750013, 0.01120289084674999, 0.011924405450000009, 0.010454726303749981, 0.011089727445249983, 0.011703689129000033, 0.010063636335999906, 0.010622446846250078, 0.01114550949374999, 0.011617378268750006, 0.012099714300000033, 0.010547767237499988, 0.011242899931249987, 0.011974675206250097, 0.010577030412499959, 0.011479801868750042, 0.011709985582624993, 0.010098478816625019, 0.01057611203762502, 0.011134666403250018, 0.011754411011749923, 0.010237563755749936, 0.010898232763500021, 0.01160919150812496, 0.01039701339525, 0.010799835248999995, 0.011391648748250008, 0.012060802543374934, 0.010617784518125103, 0.011342468529625074, 0.012124677937374876, 0.010825455359625029]}