{"op_energy": [50.4292, 49.53779999999999, 48.841800000000006, 49.8964], "comm_energy": [44.706505805918205, 44.167303431448296, 43.547575772562205, 44.51493260390732], "baseline_power": [0.5091563], "num_seq": 4}