{"avg": 0.0004597601983336577, "std": 1.2371460452765227e-05, "energy": [0.00043397132894400025, 0.0004596365808640004, 0.000447065603104, 0.00047382582441600084, 0.0004593356340639991, 0.0004427312864639993, 0.0004642046087039986, 0.0004418819640959999, 0.00045713211100800044, 0.00047362529120000186, 0.00045214326953600095, 0.00047016218310400027, 0.0004493196277760031, 0.00046710998659200075, 0.0004813678085520002, 0.00047967132763999975, 0.00046451708913599867, 0.0004579163320320011, 0.0004517874881999986, 0.0004427470718640035, 0.0004725829679360011, 0.00045749841097600006, 0.00046559528163200045, 0.00047349865654400025, 0.0004432247390720009, 0.0004522540806080012, 0.00046119026611199864, 0.000469468158656001, 0.00047705117314600007, 0.0004427247283240001, 0.00044727657246200004, 0.00045397216027400145, 0.00046095656494399886, 0.0004681725171280011, 0.0004759882465680042]}