{"avg": 0.0004683670643864517, "std": 1.3072128124296308e-05, "energy": [0.0004504321309346002, 0.0004756368013376004, 0.0004633125697036, 0.0004914475483644009, 0.0004753417615925991, 0.0004590319228775992, 0.00048011909249359865, 0.0004555635168191998, 0.00047056322420160033, 0.0004482747385696005, 0.0004656398879072009, 0.0004835200735264001, 0.000462872469555203, 0.0004803870953184007, 0.00048569274428800045, 0.0004810237998880006, 0.00047624325472319864, 0.00046971195555840106, 0.00046365442283999856, 0.00045473612347680345, 0.0004437011286111989, 0.000473205997927, 0.00048120069383900046, 0.0004889168941130003, 0.0004575651432009985, 0.00046805897089100115, 0.00047683049642399856, 0.00048498729066200096, 0.00044760082796480006, 0.00045336768684160024, 0.0004592355821408001, 0.0004658513837216016, 0.0004727518090495989, 0.0004798484801152012, 0.00044651973404800173]}