{"energy": [63.731300000000005, 65.1166, 63.4363, 64.5496, 63.5504], "avg": 64.07684}