{"avg": 2.8114330455750094e-05, "std": 7.487234366556125e-06, "energy": [3.639900481999997e-05, 3.553785255999998e-05, 3.4607992980000446e-05, 3.317010301999979e-05, 3.138892858000046e-05, 2.9197805039999817e-05, 2.6398663400000244e-05, 2.2752779900000756e-05, 3.644951982899999e-05, 2.994523973100001e-05, 2.486751579800031e-05, 1.9842945516000023e-05, 3.4997802675e-05, 2.972210979800004e-05, 2.4972829491000505e-05, 1.987255037700046e-05, 2.509233562500007e-05, 2.0373109375000088e-05, 3.6504321249999775e-05, 3.552752124999976e-05, 3.258340187499945e-05, 2.9613943124999805e-05, 3.6905833750000504e-05, 3.8025375000060037e-07, 3.502219221599999e-05, 2.7211123395000063e-05, 1.9692394861999808e-05, 3.2519129212000025e-05, 2.675351582800027e-05, 2.1167841114000317e-05, 3.689555820599898e-05, 3.3215710977000214e-05, 1.6417400940999984e-05, 3.165044052800006e-05, 2.638590859900028e-05, 2.056375851000003e-05, 3.588778650699978e-05, 3.043059112199982e-05, 2.4859422879000518e-05, 1.8796079819000626e-05]}