{"avg": 2.5359191085530065e-05, "std": 6.5624648960460074e-06, "energy": [1.6586634300000057e-05, 1.6542111483999812e-05, 3.6561747579000424e-05, 3.5147493220999776e-05, 3.339601895900045e-05, 3.12418378919998e-05, 2.8495680070000223e-05, 2.4903606145000727e-05, 1.6154748796800052e-05, 3.1178077084800015e-05, 2.6147180038400318e-05, 2.066398721280002e-05, 1.546910478720029e-05, 3.095305523840004e-05, 2.6252436892800504e-05, 2.069327540160047e-05, 2.699440434240008e-05, 2.1959546099200007e-05, 1.9022107148800037e-05, 1.6356762201599386e-05, 3.439139731519936e-05, 3.144882127679981e-05, 2.9289516544000278e-05, 2.8279449519999387e-05, 1.601193254400006e-05, 2.905110654000008e-05, 2.0896296823999822e-05, 3.428218302400003e-05, 2.8602239056000274e-05, 2.2318940856000475e-05, 1.7175948660000274e-05, 3.422483865999959e-05, 1.7355959402799978e-05, 3.304962483120001e-05, 2.777426922920026e-05, 2.1456008308000026e-05, 1.6268386934400276e-05, 3.177383619759981e-05, 2.6264522653200505e-05, 1.9732550149999806e-05]}