{"avg": 0.2986539858409332, "std": 0.003124877321471964, "energy": [0.2941630305852, 0.29585140259239995, 0.2976924533763997, 0.29958328486160013, 0.30133087257479946, 0.3033028710552]}