{"median": 44.448824535871026, "comm_energy": [45.24797985067999, 43.592972286640006, 44.81236963968701, 43.75832224899201, 44.448824535871026], "baseline_power": [0.4776137344898773], "active_power": [0.108899]}