{"median": 44.2140038457216, "comm_energy": [44.2140038457216, 43.767251519539194, 43.67849157465599, 45.9731273500032, 44.698287885836784], "baseline_power": [0.7076087209890577], "active_power": [0.3103872]}