{"avg": 1.847392068926343e-05, "std": 6.405489068107676e-06, "energy": [2.6627247629400025e-05, 2.9694869232699996e-05, 1.1963151788599802e-05, 1.552873968550024e-05, 1.864284505670001e-05, 2.2473164903000194e-05, 2.6796872606999993e-05, 3.0178156441700423e-05, 1.2646544727198922e-05, 8.62396686240005e-06, 1.5128056991200011e-05, 2.146960015359997e-05, 2.8736739881599985e-05, 1.4292307149600462e-05, 2.1527209201600422e-05, 2.9300485565599526e-05, 1.5461366483198457e-05, 1.180687399999998e-05, 1.8715754000000002e-05, 2.566722600000046e-05, 1.1134762000000493e-05, 1.881082199999977e-05, 2.735615200000066e-05, 1.3868166000000473e-05, 2.1765627999999536e-05, 1.0753323750400029e-05, 2.089141719039997e-05, 1.0504217062399818e-05, 2.0394355763199534e-05, 9.453316940800926e-06, 1.9849915571200417e-05, 8.593849523200928e-06, 1.8913977164799532e-05, 2.3546196119699935e-05, 1.1123403234999802e-05, 2.0812168931699958e-05, 1.0345917620500037e-05, 2.0808055251199525e-05, 1.073671726800092e-05, 2.103183947040041e-05, 2.1455369036298994e-05]}