{"avg": 2.1636630132243924e-05, "std": 6.592065903243251e-06, "energy": [2.5208264928000046e-05, 2.8311400624000005e-05, 1.095148323199982e-05, 1.4557347760000241e-05, 1.7707523504000012e-05, 2.1291958080000714e-05, 2.537991984e-05, 2.8799274704000442e-05, 1.1446668543999227e-05, 2.877844114400009e-05, 1.427103193900002e-05, 2.067604979199998e-05, 2.7511032451999985e-05, 1.3427552037000468e-05, 2.0734264102000423e-05, 2.808070105699953e-05, 1.4607843303998461e-05, 3.087274128000001e-05, 1.7788147355000004e-05, 2.4247228995000452e-05, 1.0121848315000487e-05, 1.788315676499977e-05, 2.5955030740000648e-05, 3.112085599000083e-05, 2.0871876609999535e-05, 9.971505034000058e-06, 2.0196666183999984e-05, 3.055185375399953e-05, 1.9695067371999554e-05, 2.9766454318001055e-05, 1.9145657302000434e-05, 2.889243097000016e-05, 1.8201175257999554e-05, 2.2196072314999995e-05, 9.701853849999803e-06, 1.9542128046999965e-05, 2.9991312028000136e-05, 1.9537945791999524e-05, 3.0224505435000186e-05, 1.9765460464000406e-05, 2.9120104205999477e-05]}