{"median_energy": 43.40070000000014, "avg_energy": 43.665574666666664, "op_energy": [42.860600000000005, 44.257999999999996, 43.4936, 43.22229999999999, 42.489900000000006, 42.235100000000045, 43.26419999999996, 42.87810000000002, 43.16320000000002, 42.531699999999944, 42.57600000000002, 43.223900000000015, 42.8051999999999, 43.21570000000008, 43.3282999999999, 43.488300000000095, 43.423, 42.22860000000003, 43.24209999999994, 44.4226000000001, 43.781299999999874, 42.705200000000104, 43.60769999999991, 42.979300000000194, 42.68639999999982, 42.932199999999966, 43.318500000000085, 43.07179999999994, 43.66450000000009, 44.035199999999804, 44.94200000000001, 43.761900000000196, 42.55139999999983, 44.10990000000015, 43.85609999999997, 43.96569999999997, 42.76430000000005, 45.59069999999997, 43.76220000000012, 43.584699999999884, 46.92139999999995, 44.00160000000005, 43.25080000000003, 44.059299999999894, 43.53690000000006, 44.19419999999991, 43.67960000000039, 45.17609999999968, 43.28020000000015, 42.58249999999998, 42.40970000000016, 45.336799999999585, 43.73550000000023, 47.29959999999983, 47.56910000000016, 42.625, 44.29269999999997, 43.992699999999786, 44.856500000000324, 43.0616, 43.3741, 43.36500000000024, 43.99809999999934, 43.40070000000014, 43.47810000000027, 44.164999999999964, 43.511699999999564, 43.8409000000006, 42.58219999999983, 43.07639999999992, 42.61680000000024, 43.30369999999948, 42.322599999999966, 42.93300000000045, 49.06659999999965], "comm_energy": [39.766428863600005, 41.24662426518399, 40.32968899871999, 40.97940374121601, 39.79770279291198, 39.32243921092803, 40.418712459808006, 40.11421070075201, 40.556693822976, 39.69868658156797, 40.027429903504, 39.62453481588802, 40.38266280299186, 40.11017882033601, 40.35698846182391, 40.91901158311996, 40.52802201244796, 39.42388717943999, 40.73580272638395, 40.59289152529612, 41.20655063827197, 39.76883626635204, 41.095697375168, 39.80735233604809, 40.01048422830384, 40.21846753169596, 40.583279130496116, 40.59452934883192, 40.707001603311916, 40.478180603887864, 42.02639190710389, 40.95415827929602, 39.87669440420777, 41.28313814252799, 41.14304444192007, 41.006236257311826, 39.42694774567998, 42.68882880027194, 40.849282169312055, 41.08431462616018, 40.439147417119905, 41.14061607428798, 41.051386042192036, 40.83340623191983, 40.81563599017594, 40.9516025044799, 41.1749935542242, 42.11630285592017, 40.95461167123216, 39.67999789368047, 39.53708017116809, 41.906479723712, 40.98999697454413, 40.47025556787168, 40.23040743699208, 39.72189084091193, 40.40749749422399, 40.84875938473586, 42.44799169059207, 40.11604782036823, 40.32770219636783, 40.67004281812842, 41.954234728159975, 40.548575176368125, 41.171657112144196, 41.15348827011213, 41.409517297887504, 41.33745765648036, 39.6010246195684, 39.782511788256016, 39.87121207988801, 40.64544083791957, 39.46326104486372, 39.7891901924159, 42.104876310672104], "baseline_power": [0.177552], "num_seq": 75}